id,isbn,title,author,genre,price,inventory,status,image,description,manualStockOverride,seriesName,seriesOrder
1,9780590353427,Harry Potter and the Sorcerer's Stone,J.K. Rowling,Fantasy,14.99,27,Active,https://i.gr-assets.com/images/S/compressed.photo.goodreads.com/books/1474154022l/3._SY475_.jpg,"Harry Potter's life is miserable. His parents are dead and he's stuck with his heartless relatives, who force him to live in a tiny closet under the stairs. But his fortune changes when he receives a letter that tells him the truth about himself: he's a wizard. A mysterious visitor rescues him from his relatives and takes him to his new home, Hogwarts School of Witchcraft and Wizardry. After a lifetime of bottling up his magical powers, Harry finally feels like a normal kid. But even within the Wizarding community, he is special.",,Harry Potter,1
2,9780439064866,Harry Potter and the Chamber of Secrets,J.K. Rowling,Fantasy,14.99,34,Active,https://i.gr-assets.com/images/S/compressed.photo.goodreads.com/books/1474169725l/15881._SY475_.jpg,"Ever since Harry Potter had come home for the summer, the Dursleys had been so mean and hideous that all Harry wanted was to get back to the Hogwarts School for Witchcraft and Wizardry. But just as he's packing his bags, Harry receives a warning from a strange impish creature who says that if Harry returns to Hogwarts, disaster will strike. And strike it does. For in Harry's second year at Hogwarts, fresh torments and horrors arise, including an outrageously stuck-up new professor and a spirit who haunts the girls' bathroom. But then the real trouble begins - someone is turning Hogwarts students to stone.",,Harry Potter,2
3,9780439655484,Harry Potter and the Prisoner of Azkaban,J.K. Rowling,Fantasy,14.99,30,Active,https://i.gr-assets.com/images/S/compressed.photo.goodreads.com/books/1499277281l/5.jpg,"Harry Potter's third year at Hogwarts is full of new dangers. A convicted murderer, Sirius Black, has broken out of Azkaban prison, and it seems he's after Harry. Now Hogwarts is being patrolled by the dementors, the Azkaban guards who are hunting Sirius. But Harry can't imagine that Sirius or, for that matter, the evil Lord Voldemort could be more frightening than the dementors themselves, who have the terrible power to fill anyone they come across with aching loneliness and despair. Meanwhile, life continues as usual at Hogwarts. A top-of-the-line broom takes Harry's success at Quidditch, the sport of the Wizarding world, to new heights.",,Harry Potter,3
4,9780747550792,Harry Potter and the Goblet of Fire,J.K. Rowling,Fantasy,9.99,22,Active,https://i.gr-assets.com/images/S/compressed.photo.goodreads.com/books/1554006152l/6.jpg,"Harry Potter is midway through his training as a wizard and his coming of age. Harry wants to get away from the pernicious Dursleys and go to the International Quidditch Cup with Hermione, Ron, and the Weasleys. He wants to dream about Cho Chang, his crush (and maybe do more than dream). He wants to find out about the mysterious event that's supposed to take place at Hogwarts this year, an event involving two other rival schools of magic, and a competition that hasn't happened for hundreds of years. He wants to be a normal, fourteen-year-old wizard. But unfortunately for Harry Potter, he's not normal - even by wizarding standards.",,Harry Potter,4
5,9780439358071,Harry Potter and the Order of the Phoenix,J.K. Rowling,Fantasy,10.99,37,Active,https://i.gr-assets.com/images/S/compressed.photo.goodreads.com/books/1546910265l/2.jpg,"There is a door at the end of a silent corridor. And it's haunting Harry Potter's dreams. Why else would he be waking in the middle of the night, screaming in terror? Harry has a lot on his mind for this, his fifth year at Hogwarts: a Defense Against the Dark Arts teacher with a personality like poisoned honey; a big surprise on the Gryffindor Quidditch team; and the looming terror of the Ordinary Wizarding Level exams. But all these things pale next to the growing threat of He-Who-Must-Not-Be-Named - a threat that neither the magical government nor the authorities at Hogwarts can stop.",,Harry Potter,5
6,9780747581086,Harry Potter and the Half-Blood Prince,J.K. Rowling,Fantasy,8.99,34,Active,https://i.gr-assets.com/images/S/compressed.photo.goodreads.com/books/1587697303l/1._SX318_.jpg,"The war against Voldemort is not going well; even Muggle governments are noticing. Ron scans the obituary pages of the Daily Prophet, looking for familiar names. Dumbledore is absent from Hogwarts for long stretches of time, and the Order of the Phoenix has already suffered losses. As in all wars, life goes on. The Weasley twins expand their business. Sixth-year students learn to Apparate - and lose a few eyebrows in the process. Teenagers flirt and fight and fall in love. Classes are never straightforward, though Harry receives some extraordinary help from the mysterious Half-Blood Prince.",,Harry Potter,6
7,9780545010221,Harry Potter and the Deathly Hallows,J.K. Rowling,Fantasy,9.99,29,Active,https://i.gr-assets.com/images/S/compressed.photo.goodreads.com/books/1474171184l/136251._SY475_.jpg,"Harry Potter is leaving Privet Drive for the last time. But as he climbs into the sidecar of Hagrid's motorbike and they take to the skies, he knows Lord Voldemort and the Death Eaters will not be far behind. The protective charm that has kept him safe until now is broken. But the Dark Lord is breathing fear into everything he loves. And he knows he can't keep hiding. To stop Voldemort, Harry knows he must find the remaining Horcruxes and destroy them. He will have to face his enemy in one final battle.",,Harry Potter,7
8,9780751565355,Harry Potter and the Cursed Child: Parts One and Two,"Jack Thorne, J.K. Rowling",Fantasy,8.99,25,Active,https://i.gr-assets.com/images/S/compressed.photo.goodreads.com/books/1470082995l/29056083._SY475_.jpg,"Harry Potter and the Cursed Child is a stage play that continues the Harry Potter story. Now an overworked Ministry of Magic employee, husband, and father of three, Harry finds that the past still casts a shadow over his life.",,Harry Potter,8
9,9781338635171,The Ballad of Songbirds and Snakes,Suzanne Collins,Young Adult,11.99,27,Active,https://i.gr-assets.com/images/S/compressed.photo.goodreads.com/books/1593892032l/51901147._SY475_.jpg,"It is the morning of the reaping that will kick off the tenth annual Hunger Games. In the Capital, eighteen-year-old Coriolanus Snow is preparing for his one shot at glory as a mentor in the Games. The once-mighty house of Snow has fallen on hard times, its fate hanging on the slender chance that Coriolanus will be able to outcharm, outwit, and outmaneuver his fellow students to mentor the winning tribute. The odds are against him. He's been given the humiliating assignment of mentoring the female tribute from District 12, the lowest of the low.",,The Hunger Games,0
10,9780439023481,The Hunger Games,Suzanne Collins,Young Adult,11.99,33,Active,https://i.gr-assets.com/images/S/compressed.photo.goodreads.com/books/1586722975l/2767052.jpg,"In the ruins of a place once known as North America lies the nation of Panem, a shining Capitol surrounded by twelve outlying districts. The Capitol is harsh and cruel and keeps the districts in line by forcing them all to send one boy and one girl between the ages of twelve and eighteen to participate in the annual Hunger Games, a fight to the death on live TV. Sixteen-year-old Katniss Everdeen regards it as a death sentence when she steps forward to take her sister's place in the Games.",,The Hunger Games,1
11,9780439023498,Catching Fire,Suzanne Collins,Young Adult,16.99,22,Active,https://i.gr-assets.com/images/S/compressed.photo.goodreads.com/books/1586722941l/6148028.jpg,"Against all odds, Katniss Everdeen has survived the Hunger Games. She and fellow District 12 tribute Peeta Mellark are miraculously still alive. Katniss should be relieved, happy even. Yet nothing is the way Katniss wishes it to be. Gale holds her at an icy distance. Peeta has turned his back on her completely. And there are whispers of a rebellion against the Capitol - a rebellion that Katniss and Peeta may have helped create. Much to her shock, Katniss has fueled an unrest that she's afraid she cannot stop.",,The Hunger Games,2
12,9780439023511,Mockingjay,Suzanne Collins,Young Adult,9.99,33,Active,https://i.gr-assets.com/images/S/compressed.photo.goodreads.com/books/1586722918l/7260188.jpg,"Against all odds, Katniss Everdeen has survived the Hunger Games twice. But now that she's made it out of the bloody arena alive, she's still not safe. The Capitol is angry. The Capitol wants revenge. Who do they think should pay for the unrest? Katniss. And what's worse, President Snow has made it clear that no one else is safe either. Not Katniss's family, not her friends, not the people of District 12.",,The Hunger Games,3
13,9780316015844,Twilight,Stephenie Meyer,Young Adult,13.99,35,Active,https://i.gr-assets.com/images/S/compressed.photo.goodreads.com/books/1361039443l/41865.jpg,"About three things I was absolutely positive. First, Edward was a vampire. Second, there was a part of him - and I didn't know how dominant that part might be - that thirsted for my blood. And third, I was unconditionally and irrevocably in love with him. Deeply seductive and extraordinarily suspenseful, Twilight is a love story with bite.",,The Twilight Saga,1
14,9780316160193,New Moon,Stephenie Meyer,Young Adult,11.99,41,Active,https://i.gr-assets.com/images/S/compressed.photo.goodreads.com/books/1361039440l/49041.jpg,"I knew we were both in mortal danger. Still, in that instant, I felt well. Whole. I could feel my heart racing in my chest, the blood pulsing hot and fast through my veins again. My lungs filled deep with the sweet scent that came off his skin. It was like there had never been any hole in my chest. I was perfect - not healed, but as if there had never been a wound in the first place. I felt like I was trapped in one of those terrifying nightmares, the one where you have to run, run till your lungs burst, but you can't make your body move fast enough...",,The Twilight Saga,2
15,9780316160209,Eclipse,Stephenie Meyer,Young Adult,9.99,36,Active,https://i.gr-assets.com/images/S/compressed.photo.goodreads.com/books/1361038355l/428263.jpg,"As Seattle is ravaged by a string of mysterious killings and a malicious vampire continues her quest for revenge, Bella once again finds herself surrounded by danger.",,The Twilight Saga,3
16,9780316125581,The Short Second Life of Bree Tanner,Stephenie Meyer,Young Adult,9.99,30,Active,https://i.gr-assets.com/images/S/compressed.photo.goodreads.com/books/1274335680l/7937462.jpg,"Bree Tanner can barely remember life before she became a vampire. Powerful senses, superhuman strength, and an overwhelming thirst for blood now define her world. Living among other newborn vampires, she learns to keep a low profile, avoid drawing attention, and make it home before sunrise. This novella explores the darker side of the vampire world introduced in Eclipse.",,The Twilight Saga,3.5
17,9780316067928,Breaking Dawn,Stephenie Meyer,Young Adult,16.99,30,Active,https://i.gr-assets.com/images/S/compressed.photo.goodreads.com/books/1361039438l/1162543._SY475_.jpg,"""Don't be afraid,"" I murmured. ""We belong together."" I was abruptly overwhelmed by the truth of my own words. This moment was so perfect, so right, there was no way to doubt it. His arms wrapped around me, holding me against him... It felt like every nerve ending in my body was a live wire. ""Forever,"" he agreed. When you loved the one who was killing you, it left you no options.",,The Twilight Saga,4
18,9780316707046,Midnight Sun,Stephenie Meyer,Fantasy,16.99,40,Active,https://i.gr-assets.com/images/S/compressed.photo.goodreads.com/books/1588597375l/53287484.jpg,The story of Twilight is retold through Edward Cullen's eyes. Meeting Bella Swan is both unnerving and intriguing for a vampire whose long life has taught him to keep his distance. His memories and inner thoughts reveal the struggle behind their growing connection.,,The Twilight Saga,5
19,9780062409850,Go Set a Watchman,Harper Lee,Fiction,9.99,26,Active,https://i.gr-assets.com/images/S/compressed.photo.goodreads.com/books/1451442088l/24817626.jpg,"Maycomb, Alabama. Twenty-six-year-old Jean Louise Finch - ""Scout"" - returns home from New York City to visit her aging father, Atticus. Set against the backdrop of the civil rights tensions and political turmoil that were transforming the South, Jean Louise's homecoming turns bittersweet when she learns disturbing truths about her close-knit family, the town and the people dearest to her. Memories from her childhood flood back, and her values and assumptions are thrown into doubt.",,To Kill a Mockingbird,1
20,9780061120084,To Kill a Mockingbird,Harper Lee,Classics,7.99,42,Active,https://i.gr-assets.com/images/S/compressed.photo.goodreads.com/books/1553383690l/2657.jpg,"A childhood in a sleepy Southern town unfolds against a crisis of conscience that shakes the community. Harper Lee's novel explores innocence and experience, kindness and cruelty, and the difficult choices people make when their convictions are tested.",,To Kill a Mockingbird,2
21,9780684830421,The Great Gatsby,"F. Scott Fitzgerald, Francis Scott Fitzgerald",Classics,11.99,27,Active,https://i.gr-assets.com/images/S/compressed.photo.goodreads.com/books/1490528560l/4671._SY475_.jpg,"The Great Gatsby follows the fabulously wealthy Jay Gatsby and his love for Daisy Buchanan amid lavish parties on Long Island. Set in Jazz Age America, F. Scott Fitzgerald's novel explores desire, wealth, and the world of the 1920s.",,,
22,9780525478812,The Fault in Our Stars,John Green,Young Adult,14.99,31,Active,https://i.gr-assets.com/images/S/compressed.photo.goodreads.com/books/1360206420l/11870085.jpg,"Despite the tumor-shrinking medical miracle that has bought her a few years, Hazel has never been anything but terminal, her final chapter inscribed upon diagnosis. But when a gorgeous plot twist named Augustus Waters suddenly appears at Cancer Kid Support Group, Hazel's story is about to be completely rewritten.",,,
23,9780452284234,1984,George Orwell,Classics,8.99,41,Active,https://i.gr-assets.com/images/S/compressed.photo.goodreads.com/books/1532714506l/40961427._SX318_.jpg,"George Orwell imagines a totalitarian world in which bureaucracy, surveillance, and distorted language threaten individual freedom. One man struggles to preserve his individuality within a system designed to control thought and behavior.",,,
24,9780451530783,Pride and Prejudice,Jane Austen,Classics,7.99,27,Active,https://i.gr-assets.com/images/S/compressed.photo.goodreads.com/books/1320399351l/1885.jpg,"The romantic clash between the opinionated Elizabeth and her proud beau, Mr. Darcy, is a splendid performance of civilized sparring. And Jane Austen's radiant wit sparkles as her characters dance a delicate quadrille of flirtation and intrigue, making this book the most superb comedy of manners of Regency England.",,,
25,9780062285638,The Transfer,Veronica Roth,Young Adult,12.99,33,Active,https://i.gr-assets.com/images/S/compressed.photo.goodreads.com/books/1420493627l/18080920.jpg,"Told from Tobias's perspective, this Divergent novella follows his aptitude test, Choosing Day, and the moment he receives the nickname ""Four.""",,Divergent,0.1
26,9780062285652,The Initiate,Veronica Roth,Young Adult,13.99,30,Active,https://i.gr-assets.com/images/S/compressed.photo.goodreads.com/books/1406901205l/18668485.jpg,"The Initiate provides readers with a glimpse into Tobias's Dauntless initiation experience, including an epic game of late-night Dare; his first tattoo; the beginning of his passion for training new initiates; and his nascent understanding of the danger of being Divergent.",,Divergent,0.2
27,9780062285669,The Son,Veronica Roth,Young Adult,16.99,22,Active,https://i.gr-assets.com/images/S/compressed.photo.goodreads.com/books/1395049991l/18892134.jpg,"In ""The Son,"" Tobias struggles to find a place in the hierarchy of the Dauntless. He also begins to suspect that a foul plan may be brewing within the Dauntless leadership and discovers a truth about his past that could greatly affect his future.",,Divergent,0.3
28,9780062285676,The Traitor,Veronica Roth,Young Adult,13.99,27,Active,https://i.gr-assets.com/images/S/compressed.photo.goodreads.com/books/1393687607l/18080923.jpg,"The Traitor takes place two years after The Son and runs parallel with the early events in Divergent. In this robust story, readers follow Tobias as he uncovers the details of an Erudite plan that could threaten the faction system, and makes plans of his own to keep Abnegation safe. At the same time, Tobias is getting to know a new transfer initiate: Tris Prior.",,Divergent,0.4
29,9780062024039,Divergent,Veronica Roth,Young Adult,11.99,5,Active,https://i.gr-assets.com/images/S/compressed.photo.goodreads.com/books/1588455221l/13335037._SY475_.jpg,"In Beatrice Prior's dystopian Chicago world, society is divided into five factions, each dedicated to the cultivation of a particular virtue - Candor (the honest), Abnegation (the selfless), Dauntless (the brave), Amity (the peaceful), and Erudite (the intelligent). On an appointed day of every year, all sixteen-year-olds must select the faction to which they will devote the rest of their lives. For Beatrice, the decision is between staying with her family and being who she really is - she can't have both. So she makes a choice that surprises everyone, including herself.",,Divergent,1
30,9780062237422,Free Four: Tobias Tells the Divergent Knife-Throwing Scene,Veronica Roth,Young Adult,8.99,33,Active,https://i.gr-assets.com/images/S/compressed.photo.goodreads.com/books/1399503802l/13615258.jpg,"A pivotal knife-throwing scene from Divergent is retold from Tobias's point of view, revealing more about his past, his initiation, and his thoughts about new Dauntless initiate Tris Prior.",,Divergent,1.5
31,9780007442911,Insurgent,Veronica Roth,Young Adult,13.99,5,Active,https://i.gr-assets.com/images/S/compressed.photo.goodreads.com/books/1325667729l/11735983.jpg,"One choice can transform you - or it can destroy you. But every choice has consequences, and as unrest surges in the factions all around her, Tris Prior must continue trying to save those she loves - and herself - while grappling with haunting questions of grief and forgiveness, identity and loyalty, politics and love. Tris's initiation day should have been marked by celebration and victory with her chosen faction; instead, the day ended with unspeakable horrors. War now looms as conflict between the factions and their ideologies grows.",,Divergent,2
32,9780062300805,The World of Divergent: The Path to Allegiant,Veronica Roth,Fiction,12.99,43,Active,https://i.gr-assets.com/images/S/compressed.photo.goodreads.com/books/1376880754l/17860199.jpg,"A companion guide to the Divergent series featuring faction manifestos, a faction quiz, a Q&A with Veronica Roth, book playlists, discussion questions, and background on the inspirations behind the series.",,Divergent,2.5
33,9780007524273,Allegiant,Veronica Roth,Young Adult,13.99,25,Active,https://i.gr-assets.com/images/S/compressed.photo.goodreads.com/books/1395582745l/18710190.jpg,"The faction-based society that Tris Prior once believed in is shattered - fractured by violence and power struggles and scarred by loss and betrayal. So when offered a chance to explore the world past the limits she's known, Tris is ready. Perhaps beyond the fence, she and Tobias will find a simple new life together, free from complicated lies, tangled loyalties, and painful memories. But Tris's new reality is even more alarming than the one she left behind. Old discoveries are quickly rendered meaningless. Explosive new truths change the hearts of those she loves.",,Divergent,3
34,9780618260300,"The Hobbit, or There and Back Again",J.R.R. Tolkien,Fantasy,8.99,26,Active,https://i.gr-assets.com/images/S/compressed.photo.goodreads.com/books/1546071216l/5907.jpg,"Bilbo Baggins is a reluctant hero drawn from the comfort of his hobbit-hole into the wider world of Middle-earth. His adventure brings him into contact with the wizard Gandalf, the strange creature Gollum, a powerful ring, and the dragon Smaug.",,The Hobbit,1
35,9780385480338,The Diary of a Young Girl,Anne Frank,Memoir & Biography,16.99,42,Active,https://i.gr-assets.com/images/S/compressed.photo.goodreads.com/books/1560816565l/48855.jpg,"Discovered in the attic in which she spent the last years of her life, Anne Frank's remarkable diary has become a world classic - a powerful reminder of the horrors of war and an eloquent testament to the human spirit. In 1942, with the Nazis occupying Holland, a thirteen-year-old Jewish girl and her family fled their home in Amsterdam and went into hiding. For the next two years, until their whereabouts were betrayed to the Gestapo, the Franks and another family lived cloistered in the ""Secret Annexe"" of an old office building.",,,
36,9780451526342,Animal Farm,George Orwell,Classics,7.99,32,Active,https://i.gr-assets.com/images/S/compressed.photo.goodreads.com/books/1325861570l/170448.jpg,"A farm is taken over by its overworked, mistreated animals. With flaming idealism and stirring slogans, they set out to create a paradise of progress, justice, and equality. Thus the stage is set for one of the most telling satiric fables ever penned -a razor-edged fairy tale for grown-ups that records the evolution from revolution against tyranny to a totalitarianism just as terrible. When Animal Farm was first published, Stalinist Russia was seen as its target.",,,
37,9780316769174,The Catcher in the Rye,J.D. Salinger,Classics,9.99,41,Active,https://i.gr-assets.com/images/S/compressed.photo.goodreads.com/books/1398034300l/5107.jpg,"The hero-narrator of The Catcher in the Rye is an ancient child of sixteen, a native New Yorker named Holden Caulfield. Through circumstances that tend to preclude adult, secondhand description, he leaves his prep school in Pennsylvania and goes underground in New York City for three days. The boy himself is at once too simple and too complex for us to make any final comment about him or his story. Perhaps the safest thing we can say about Holden is that he was born in the world not just strongly attracted to beauty but, almost, hopelessly impaled on it.",,,
38,9781416524793,Angels & Demons,Dan Brown,Fiction,13.99,35,Active,https://i.gr-assets.com/images/S/compressed.photo.goodreads.com/books/1558711679l/960.jpg,"World-renowned Harvard symbologist Robert Langdon is summoned to a Swiss research facility to analyze a cryptic symbol seared into the chest of a murdered physicist. What he discovers is unimaginable: a deadly vendetta against the Catholic Church by a centuries-old underground organization - the Illuminati. In a desperate race to save the Vatican from a powerful time bomb, Langdon joins forces in Rome with the beautiful and mysterious scientist Vittoria Vetra. Together they embark on a frantic hunt through sealed crypts, dangerous catacombs, and deserted cathedrals, and into the depths of the most secretive vault on earth...",,Robert Langdon,1
39,9780307277671,The Da Vinci Code,Dan Brown,Fiction,13.99,37,Active,https://i.gr-assets.com/images/S/compressed.photo.goodreads.com/books/1579621267l/968.jpg,"While in Paris, Harvard symbologist Robert Langdon is awakened by a phone call in the dead of the night. The elderly curator of the Louvre has been murdered inside the museum, his body covered in baffling symbols. As Langdon and gifted French cryptologist Sophie Neveu sort through the bizarre riddles, they are stunned to discover a trail of clues hidden in the works of Leonardo da Vinci - clues visible for all to see and yet ingeniously disguised by the painter.",,Robert Langdon,2
40,9780385504225,The Lost Symbol,Dan Brown,Fiction,9.99,43,Active,https://i.gr-assets.com/images/S/compressed.photo.goodreads.com/books/1534070883l/6411961.jpg,"Set in the hidden chambers, tunnels, and temples of Washington, D.C., this thriller follows a deadly race through a labyrinth of codes, secrets, and concealed truths.",,Robert Langdon,3
41,9780385537858,Inferno,Dan Brown,Fiction,16.99,1,Active,https://i.gr-assets.com/images/S/compressed.photo.goodreads.com/books/1534070896l/17212231.jpg,"Harvard professor of symbology Robert Langdon awakens in an Italian hospital, disoriented and with no recollection of the past thirty-six hours, including the origin of the macabre object hidden in his belongings. With a relentless female assassin trailing them through Florence, he and his resourceful doctor, Sienna Brooks, are forced to flee. Embarking on a harrowing journey, they must unravel a series of codes, which are the work of a brilliant scientist whose obsession with the end of the world is matched only by his passion for one of the most influential masterpieces ever written, Dante Alighieri's The Inferno.",,Robert Langdon,4
42,9780385514231,Origin,Dan Brown,Fiction,8.99,33,Active,https://i.gr-assets.com/images/S/compressed.photo.goodreads.com/books/1576370917l/32283133.jpg,"Robert Langdon, Harvard professor of symbology and religious iconology, arrives at the ultramodern Guggenheim Museum Bilbao to attend a major announcement - the unveiling of a discovery that ""will change the face of science forever."" The evening's host is Edmond Kirsch, a forty-year-old billionaire and futurist whose dazzling high-tech inventions and audacious predictions have made him a renowned global figure. Kirsch, who was one of Langdon's first students at Harvard two decades earlier, is about to reveal an astonishing breakthrough... one that will answer two of the fundamental questions of human existence.",,Robert Langdon,5
43,9780307454546,The Girl with the Dragon Tattoo,Stieg Larsson,Fiction,11.99,23,Active,https://i.gr-assets.com/images/S/compressed.photo.goodreads.com/books/1327868566l/2429135.jpg,"Harriet Vanger, a scion of one of Sweden's wealthiest families disappeared over forty years ago. All these years later, her aged uncle continues to seek the truth. He hires Mikael Blomkvist, a crusading journalist recently trapped by a libel conviction, to investigate. He is aided by the pierced and tattooed punk prodigy Lisbeth Salander. Together they tap into a vein of unfathomable iniquity and astonishing corruption. An international publishing sensation, Stieg Larsson's The Girl with the Dragon Tattoo combines murder mystery, family saga, love story, and financial intrigue into one satisfyingly complex and entertainingly atmospheric novel.",,Millennium,1
44,9780307269980,The Girl Who Played with Fire,Stieg Larsson,Fiction,16.99,43,Active,https://i.gr-assets.com/images/S/compressed.photo.goodreads.com/books/1351778881l/5060378.jpg,"Part blistering espionage thriller, part riveting police procedural, and part piercing exposé on social injustice, The Girl Who Played with Fire is a masterful, endlessly satisfying novel. Mikael Blomkvist, crusading publisher of the magazine Millennium, has decided to run a story that will expose an extensive sex trafficking operation. On the eve of its publication, the two reporters responsible for the article are murdered, and the fingerprints found on the murder weapon belong to his friend, the troubled genius hacker Lisbeth Salander. Blomkvist, convinced of Salander's innocence, plunges into an investigation.",,Millennium,2
45,9780307269997,The Girl Who Kicked the Hornet's Nest,Stieg Larsson,Fiction,10.99,43,Active,https://i.gr-assets.com/images/S/compressed.photo.goodreads.com/books/1327708260l/6892870.jpg,"The stunning third and final novel in Stieg Larsson's internationally best-selling trilogy. Lisbeth Salander - the heart of Larsson's two previous novels - lies in critical condition, a bullet wound to her head, in the intensive care unit of a Swedish city hospital. She's fighting for her life in more ways than one: if and when she recovers, she'll be taken back to Stockholm to stand trial for three murders. With the help of her friend, journalist Mikael Blomkvist, she will not only have to prove her innocence, but also identify and denounce those in authority who have allowed the vulnerable, like herself, to suffer abuse and violence.",,Millennium,3
46,9780385354288,The Girl in the Spider's Web,"David Lagercrantz, Stieg Larsson (Creator)",Fiction,13.99,42,Active,https://i.gr-assets.com/images/S/compressed.photo.goodreads.com/books/1427843648l/25074850.jpg,"She is the girl with the dragon tattoo - a genius hacker and uncompromising misfit. He is a crusading journalist whose championing of the truth often brings him to the brink of prosecution. Late one night, Blomkvist receives a phone call from a source claiming to have information vital to the United States. The source has been in contact with a young female superhacker - a hacker resembling someone Blomkvist knows all too well. The implications are staggering. Blomkvist, in desperate need of a scoop for Millennium, turns to Salander for help. She, as usual, has her own agenda.",,Millennium,4
47,9781594631931,The Kite Runner,Khaled Hosseini,Fiction,12.99,24,Active,https://i.gr-assets.com/images/S/compressed.photo.goodreads.com/books/1579036753l/77203._SY475_.jpg,"The unforgettable, heartbreaking story of the unlikely friendship between a wealthy boy and the son of his father's servant, The Kite Runner is a beautifully crafted novel set in a country that is in the process of being destroyed. It is about the power of reading, the price of betrayal, and the possibility of redemption; and an exploration of the power of fathers over sons - their love, their sacrifices, their lies.",,,
48,9780345339706,The Fellowship of the Ring,J.R.R. Tolkien,Classics,9.99,28,Active,https://i.gr-assets.com/images/S/compressed.photo.goodreads.com/books/1486871542l/3263607._SY475_.jpg,"In ancient times the Rings of Power were crafted by the Elven-smiths, and Sauron, The Dark Lord, forged the One Ring, filling it with his own power so that he could rule all others. But the One Ring was taken from him, and though he sought it throughout Middle-earth, it remained lost to him. After many ages it fell into the hands of Bilbo Baggins, as told in The Hobbit. In a sleepy village in the Shire, young Frodo Baggins finds himself faced with an immense task, as his elderly cousin Bilbo entrusts the Ring to his care.",,The Lord of the Rings,1
49,9780618346264,The Two Towers,J.R.R. Tolkien,Fantasy,8.99,23,Active,https://i.gr-assets.com/images/S/compressed.photo.goodreads.com/books/1298415523l/15241.jpg,"The Fellowship was scattered. Some were bracing hopelessly for war against the ancient evil of Sauron. Some were contending with the treachery of the wizard Saruman. Only Frodo and Sam were left to take the accursed Ring of Power to be destroyed in Mordor-the dark Kingdom where Sauron was supreme. Their guide was Gollum, deceitful and lust-filled, slave to the corruption of the Ring.",,The Lord of the Rings,2
50,9780345240347,The Return of the King,J.R.R. Tolkien,Fantasy,14.99,30,Active,https://i.gr-assets.com/images/S/compressed.photo.goodreads.com/books/1574117762l/838729._SY475_.jpg,"In the third volume of The Lord of the Rings trilogy the good and evil forces join battle, and we see that the triumph of good is not absolute. The Third Age of Middle-earth ends, and the age of the dominion of Men begins.",,The Lord of the Rings,3
51,9780307588364,Gone Girl,Gillian Flynn,Fiction,14.99,0,Active,https://i.gr-assets.com/images/S/compressed.photo.goodreads.com/books/1554086139l/19288043.jpg,"Marriage can be a real killer. On a warm summer morning in North Carthage, Missouri, it is Nick and Amy Dunne's fifth wedding anniversary. Presents are being wrapped and reservations are being made when Nick's clever and beautiful wife disappears from their rented McMansion on the Mississippi River. Husband-of-the-Year Nick isn't doing himself any favors with cringe-worthy daydreams about the slope and shape of his wife's head, but passages from Amy's diary reveal the alpha-girl perfectionist could have put anyone dangerously on edge.",,,
52,9780140283334,Lord of the Flies,William Golding,Classics,9.99,27,Active,https://i.gr-assets.com/images/S/compressed.photo.goodreads.com/books/1327869409l/7624.jpg,"At the dawn of the next world war, a plane crashes on an uncharted island, stranding a group of schoolboys. At first, with no adult supervision, their freedom is something to celebrate; this far from civilization the boys can do anything they want. Anything. They attempt to forge their own society, failing, however, in the face of terror, sin and evil. And as order collapses, as strange howls echo in the night, as terror begins its reign, the hope of adventure seems as far from reality as the hope of being rescued.",,,
53,9780399155345,The Help,Kathryn Stockett,Fiction,10.99,27,Active,https://i.gr-assets.com/images/S/compressed.photo.goodreads.com/books/1572940430l/4667024._SY475_.jpg,"Three ordinary women are about to take one extraordinary step. Twenty-two-year-old Skeeter has just returned home after graduating from Ole Miss. She may have a degree, but it is 1962, Mississippi, and her mother will not be happy till Skeeter has a ring on her finger. Skeeter would normally find solace with her beloved maid Constantine, the woman who raised her, but Constantine has disappeared and no one will tell Skeeter where she has gone. Aibileen is a black maid, a wise, regal woman raising her seventeenth white child.",,,
54,9780064404990,"The Lion, the Witch and the Wardrobe",C.S. Lewis,Fantasy,16.99,45,Active,https://i.gr-assets.com/images/S/compressed.photo.goodreads.com/books/1353029077l/100915.jpg,"Narnia... the land beyond the wardrobe door, a secret place frozen in eternal winter, a magical country waiting to be set free. Lucy is the first to find the secret of the wardrobe in the professor's mysterious old house. At first her brothers and sister don't believe her when she tells of her visit to the land of Narnia. But soon Edmund, then Peter and Susan step through the wardrobe themselves. In Narnia they find a country buried under the evil enchantment of the White Witch. When they meet the Lion Aslan, they realize they've been called to a great adventure and bravely join the battle to free Narnia from the Witch's sinister spell.",,The Chronicles of Narnia,1
55,9780007202300,Prince Caspian,C.S. Lewis,Fantasy,10.99,25,Active,https://i.gr-assets.com/images/S/compressed.photo.goodreads.com/books/1308814880l/121749.jpg,"Peter, Susan, Edmund, and Lucy are returning to boarding school when they are summoned from the dreary train station (by Susan's own magic horn) to return to the land of Narnia - the land where they had ruled as kings and queens and where their help is desperately needed.",,The Chronicles of Narnia,2
56,9780061125270,The Voyage of the Dawn Treader,C.S. Lewis,Fantasy,9.99,23,Active,https://i.gr-assets.com/images/S/compressed.photo.goodreads.com/books/1343185059l/140225.jpg,"The Dawn Treader will take you places you never dreamed existed. NARNIA... the world of wicked dragons and magic spells, where the very best is brought out of even the worst people, where anything can happen (and most often does)... and where the adventure begins. The Dawn Treader is the first ship Narnia has seen in centuries. King Caspian has built it for his voyage to find the seven lords, good men whom his evil uncle Miraz banished when he usurped the throne. The journey takes Edmund, Lucy, and their cousin Eustace to the Eastern Islands, beyond the Silver Sea, toward Aslan's country at the End of the World.",,The Chronicles of Narnia,3
57,9780064405041,The Silver Chair,C.S. Lewis,Fantasy,10.99,38,Active,https://i.gr-assets.com/images/S/compressed.photo.goodreads.com/books/1336139237l/65641.jpg,"Jill and Eustace must rescue the Prince from the evil Witch. NARNIA... where owls are wise, where some of the giants like to snack on humans, where a prince is put under an evil spell... and where the adventure begins. Eustace and Jill escape from the bullies at school through a strange door in the wall, which, for once, is unlocked. It leads to the open moor... or does it? Once again Aslan has a task for the children, and Narnia needs them. Through dangers untold and caverns deep and dark, they pursue the quest that brings them face to face with the evil Witch. She must be defeated if Prince Rillian is to be saved.",,The Chronicles of Narnia,4
58,9780008663070,The Horse and His Boy,C.S. Lewis,Fantasy,9.99,39,Active,https://covers.openlibrary.org/b/isbn/9780008663070-L.jpg,A runaway boy and a talking horse race toward Narnia after uncovering a plot that could bring war to the kingdom.,,The Chronicles of Narnia,5
59,9780060764906,The Magician's Nephew,C.S. Lewis,Fantasy,10.99,23,Active,https://i.gr-assets.com/images/S/compressed.photo.goodreads.com/books/1308814770l/65605.jpg,"Digory and Polly meet and become friends one cold, wet summer in London. Their lives burst into adventure when Digory's Uncle Andrew, who thinks he is a magician, sends them hurtling to... somewhere else. They find their way to Narnia, newborn from the Lion's song, and encounter the evil sorceress Jadis before they finally return home.",,The Chronicles of Narnia,6
60,9780007202324,The Last Battle,C.S. Lewis,Fantasy,10.99,37,Active,https://i.gr-assets.com/images/S/compressed.photo.goodreads.com/books/1308814830l/84369.jpg,"As deception and fear spread through Narnia, its king and a small band of loyal companions must defend the kingdom in a final struggle. The concluding Chronicles of Narnia novel brings the fate of the land and its people to a decisive turning point.",,The Chronicles of Narnia,7
61,9781594633669,The Girl on the Train,Paula Hawkins,Fiction,14.99,25,Active,https://i.gr-assets.com/images/S/compressed.photo.goodreads.com/books/1574805682l/22557272.jpg,"Rachel catches the same commuter train every morning. She knows it will wait at the same signal each time, overlooking a row of back gardens. She's even started to feel like she knows the people who live in one of the houses. ""Jess and Jason,"" she calls them. Their life - as she sees it - is perfect. If only Rachel could be that happy. And then she sees something shocking. It's only a minute until the train moves on, but it's enough. Now everything's changed. Now Rachel has a chance to become a part of the lives she's only watched from afar.",,,
62,9780062315007,The Alchemist,Paulo Coelho,Fiction,14.99,31,Active,https://i.gr-assets.com/images/S/compressed.photo.goodreads.com/books/1466865542l/18144590._SY475_.jpg,"Paulo Coelho's enchanting novel has inspired a devoted following around the world. This story, dazzling in its powerful simplicity and soul-stirring wisdom, is about an Andalusian shepherd boy named Santiago who travels from his homeland in Spain to the Egyptian desert in search of a treasure buried near the Pyramids. Along the way he meets a Gypsy woman, a man who calls himself king, and an alchemist, all of whom point Santiago in the direction of his quest. No one knows what the treasure is, or if Santiago will be able to surmount the obstacles in his path.",,,
63,9780743477116,Romeo and Juliet,William Shakespeare,Classics,9.99,28,Active,https://i.gr-assets.com/images/S/compressed.photo.goodreads.com/books/1572098085l/18135._SY475_.jpg,"In Romeo and Juliet, Shakespeare creates a violent world, in which two young people fall in love. It is not simply that their families disapprove; the Montagues and the Capulets are engaged in a blood feud. In this death-filled setting, the movement from love at first sight to the lovers' final union in death seems almost inevitable. And yet, this play set in an extraordinary world has become the quintessential story of young love. In part because of its exquisite language, it is easy to respond as if it were about all young lovers.",,,
64,9780316166683,The Lovely Bones,Alice Sebold,Fiction,11.99,23,Active,https://i.gr-assets.com/images/S/compressed.photo.goodreads.com/books/1457810586l/12232938.jpg,"Fourteen-year-old Susie Salmon is murdered and finds herself in a heaven unlike anything she expected. From there, she watches her friends trade rumors, her killer hide his tracks, and her family struggle with grief. The story follows the lives that continue after her death.",,,
65,9780553588484,A Game of Thrones,George R.R. Martin,Fantasy,9.99,38,Active,https://i.gr-assets.com/images/S/compressed.photo.goodreads.com/books/1562726234l/13496.jpg,"In a world where seasons last for years, powerful families compete for the Iron Throne while ancient dangers stir beyond the northern frontier. Political intrigue, divided loyalties, and the struggle for survival begin the A Song of Ice and Fire series.",,A Song of Ice and Fire,1
66,9780553381696,A Clash of Kings,George R.R. Martin,Fantasy,11.99,40,Active,https://i.gr-assets.com/images/S/compressed.photo.goodreads.com/books/1567840212l/10572.jpg,"A comet the color of blood and flame cuts across the sky. Two great leaders - Lord Eddard Stark and Robert Baratheon - who hold sway over an age of enforced peace are dead, victims of royal treachery. Now, from the ancient citadel of Dragonstone to the forbidding shores of Winterfell, chaos reigns. Six factions struggle for control of a divided land and the Iron Throne of the Seven Kingdoms, preparing to stake their claims through tempest, turmoil, and war. It is a tale in which brother plots against brother and the dead rise to walk in the night.",,A Song of Ice and Fire,2
67,9780553573428,A Storm of Swords,George R.R. Martin,Fantasy,9.99,32,Active,https://i.gr-assets.com/images/S/compressed.photo.goodreads.com/books/1571318786l/62291.jpg,"Of the five contenders for power, one is dead, another in disfavor, and still the wars rage as alliances are made and broken. Joffrey sits on the Iron Throne, the uneasy ruler of the Seven Kingdoms. His most bitter rival, Lord Stannis, stands defeated and disgraced, victim of the sorceress who holds him in her thrall.",,A Song of Ice and Fire,3
68,9780553582024,A Feast for Crows,George R.R. Martin,Fantasy,9.99,24,Active,https://i.gr-assets.com/images/S/compressed.photo.goodreads.com/books/1429538615l/13497.jpg,"Crows will fight over a dead man's flesh, and kill each other for his eyes. Bloodthirsty, treacherous and cunning, the Lannisters are in power on the Iron Throne in the name of the boy-king Tommen. The war in the Seven Kingdoms has burned itself out, but in its bitter aftermath new conflicts spark to life. The Martells of Dorne and the Starks of Winterfell seek vengeance for their dead. Euron Crow's Eye, as black a pirate as ever raised a sail, returns from the smoking ruins of Valyria to claim the Iron Isles. From the icy north, where Others threaten the Wall, apprentice Maester Samwell Tarly brings a mysterious babe in arms to the Citadel.",,A Song of Ice and Fire,4
69,9780553801477,A Dance with Dragons,George R.R. Martin,Fantasy,9.99,28,Active,https://i.gr-assets.com/images/S/compressed.photo.goodreads.com/books/1581625286l/10664113._SX318_.jpg,"In the aftermath of a colossal battle, the future of the Seven Kingdoms hangs in the balance - beset by newly emerging threats from every direction. In the east, Daenerys Targaryen, the last scion of House Targaryen, rules with her three dragons as queen of a city built on dust and death. But Daenerys has thousands of enemies, and many have set out to find her. As they gather, one young man embarks upon his own quest for the queen, with an entirely different goal in mind. Fleeing from Westeros with a price on his head, Tyrion Lannister, too, is making his way to Daenerys.",,A Song of Ice and Fire,5
70,9780786838653,The Lightning Thief,Rick Riordan,Fantasy,10.99,42,Active,https://i.gr-assets.com/images/S/compressed.photo.goodreads.com/books/1400602609l/28187.jpg,"Percy Jackson is a good kid, but he can't seem to focus on his schoolwork or control his temper. And lately, being away at boarding school is only getting worse - Percy could have sworn his pre-algebra teacher turned into a monster and tried to kill him. When Percy's mom finds out, she knows it's time that he knew the truth about where he came from, and that he go to the one place he'll be safe. She sends Percy to Camp Half Blood, a summer camp for demigods (on Long Island), where he learns that the father he never knew is Poseidon, God of the Sea.",,Percy Jackson and the Olympians,1
71,9780786856862,The Sea of Monsters,Rick Riordan,Fantasy,8.99,34,Active,https://i.gr-assets.com/images/S/compressed.photo.goodreads.com/books/1400602661l/28186.jpg,"Percy Jackson, the demigod son of Poseidon, sets out to retrieve the Golden Fleece before Camp Half-Blood is destroyed. Greek mythology and dangerous adventures collide in the second Percy Jackson and the Olympians novel.",,Percy Jackson and the Olympians,2
72,9780141382890,The Titan's Curse,Rick Riordan,Fantasy,11.99,23,Active,https://i.gr-assets.com/images/S/compressed.photo.goodreads.com/books/1361038385l/561456.jpg,"It's not everyday you find yourself in combat with a half-lion, half-human. But when you're the son of a Greek god, it happens. And now my friend Annabeth is missing, a goddess is in chains and only five half-blood heroes can join the quest to defeat the doomsday monster. Oh, and guess what? The Oracle has predicted that not all of us will survive...",,Percy Jackson and the Olympians,3
73,9781423101468,The Battle of the Labyrinth,Rick Riordan,Fantasy,9.99,31,Active,https://i.gr-assets.com/images/S/compressed.photo.goodreads.com/books/1518607478l/2120932.jpg,"Percy Jackson isn't expecting freshman orientation to be any fun. But when a mysterious mortal acquaintance appears at his potential new school, followed by demon cheerleaders, things quickly move from bad to worse. In this fourth installment of the blockbuster series, time is running out as war between the Olympians and the evil Titan lord Kronos draws near. Even the safe haven of Camp Half-Blood grows more vulnerable by the minute as Kronos's army prepares to invade its once impenetrable borders.",,Percy Jackson and the Olympians,4
74,9780955944680,Percy Jackson and the Sword of Hades,Rick Riordan,Fantasy,16.99,43,Active,https://i.gr-assets.com/images/S/compressed.photo.goodreads.com/books/1327349413l/4837112.jpg,"The goddess Persephone has summoned Percy, Thalia, and Nico to the Underworld in order to retrieve Hades' powerful sword before it falls into the wrong hands.",,Percy Jackson and the Olympians,4.5
75,9781423101475,The Last Olympian,Rick Riordan,Fantasy,16.99,1,Active,https://i.gr-assets.com/images/S/compressed.photo.goodreads.com/books/1519022209l/4556058.jpg,"All year the half-bloods have been preparing for battle against the Titans, knowing the odds of victory are grim. Kronos's army is stronger than ever, and with every god and half-blood he recruits, the evil Titan's power only grows. While the Olympians struggle to contain the rampaging monster Typhon, Kronos begins his advance on New York City, where Mount Olympus stands virtually unguarded. Now it's up to Percy Jackson and an army of young demigods to stop the Lord of Time. The prophecy surrounding Percy's sixteenth birthday unfolds.",,Percy Jackson and the Olympians,5
76,9781612130293,Fifty Shades of Grey,E.L. James,Romance,8.99,33,Active,https://i.gr-assets.com/images/S/compressed.photo.goodreads.com/books/1385207843l/10818853.jpg,"When literature student Anastasia Steele goes to interview young entrepreneur Christian Grey, she encounters a man who is beautiful, brilliant, and intimidating. The unworldly, innocent Ana is startled to realize she wants this man and, despite his enigmatic reserve, finds she is desperate to get close to him. Unable to resist Ana's quiet beauty, wit, and independent spirit, Grey admits he wants her, too - but on his own terms. Shocked yet thrilled by Grey's singular erotic tastes, Ana hesitates.",,Fifty Shades,1
77,9781612130583,Fifty Shades Darker,E.L. James,Romance,8.99,41,Active,https://i.gr-assets.com/images/S/compressed.photo.goodreads.com/books/1358266080l/11857408.jpg,"Daunted by the singular sexual tastes and dark secrets of the beautiful, tormented young entrepreneur Christian Grey, Anastasia Steele has broken off their relationship to start a new career with a Seattle publishing house. But desire for Christian still dominates her every waking thought, and when he proposes a new arrangement, Anastasia cannot resist. They rekindle their searing sensual affair, and Anastasia learns more about the harrowing past of her damaged, driven, and demanding Fifty Shades.",,Fifty Shades,2
78,9780345803504,Fifty Shades Freed,E.L. James,Romance,16.99,31,Active,https://i.gr-assets.com/images/S/compressed.photo.goodreads.com/books/1336418837l/13536860.jpg,"When unworldly student Anastasia Steele first encountered the driven and dazzling young entrepreneur Christian Grey it sparked a sensual affair that changed both of their lives irrevocably. Shocked, intrigued, and, ultimately, repelled by Christian's singular erotic tastes, Ana demands a deeper commitment. Determined to keep her, Christian agrees. Now, Ana and Christian have it all - love, passion, intimacy, wealth, and a world of possibilities for their future. But Ana knows that loving her Fifty Shades will not be easy, and that being together will pose challenges that neither of them would anticipate.",,Fifty Shades,3
79,9780142000670,Of Mice and Men,John Steinbeck,Classics,8.99,44,Active,https://i.gr-assets.com/images/S/compressed.photo.goodreads.com/books/1511302904l/890._SX318_.jpg,"The compelling story of two outsiders striving to find their place in an unforgiving world. Drifters in search of work, George and his simple-minded friend Lennie have nothing in the world except each other and a dream - a dream that one day they will have some land of their own. Eventually they find work on a ranch in California's Salinas Valley, but their hopes are doomed as Lennie, struggling against extreme cruelty, misunderstanding and feelings of jealousy, becomes a victim of his own strength.",,,
80,9780375831003,The Book Thief,Markus Zusak,Historical Fiction,12.99,26,Active,https://i.gr-assets.com/images/S/compressed.photo.goodreads.com/books/1522157426l/19063._SY475_.jpg,"It is 1939. Nazi Germany. The country is holding its breath. Death has never been busier, and will be busier still. By her brother's graveside, Liesel's life is changed when she picks up a single object, partially hidden in the snow. It is The Gravedigger's Handbook, left behind there by accident, and it is her first act of book thievery. So begins a love affair with books and words, as Liesel, with the help of her accordion-playing foster father, learns to read. Soon she is stealing books from Nazi book-burnings, the mayor's wife's library, wherever there are books to be found.",,,
81,9780385732550,The Giver,Lois Lowry,Young Adult,10.99,18,Active,https://i.gr-assets.com/images/S/compressed.photo.goodreads.com/books/1342493368l/3636.jpg,Twelve-year-old Jonas lives in a seemingly ideal world. Not until he is given his life assignment as the Receiver does he begin to understand the dark secrets behind this fragile community.,,The Giver,1
82,9780385732567,Gathering Blue,Lois Lowry,Young Adult,11.99,25,Active,https://i.gr-assets.com/images/S/compressed.photo.goodreads.com/books/1388195391l/12936.jpg,"It is a society ruled by savagery and deceit that shuns and discards the weak. Left orphaned and physically flawed, young Kira faces a frightening, uncertain future. Blessed with an almost magical talent that keeps her alive, she struggles with ever broadening responsibilities in her quest for truth, discovering things that will change her life forever. As she did in The Giver, Lowry challenges readers to imagine what our world could become, and what will be considered valuable.",,The Giver,2
83,9780385732536,Messenger,Lois Lowry,Young Adult,12.99,18,Active,https://i.gr-assets.com/images/S/compressed.photo.goodreads.com/books/1386924375l/12930.jpg,"Matty has lived in Village and flourished under the guidance of Seer, a blind man known for his special sight. Village once welcomed newcomers, but something sinister has seeped into Village and the people have voted to close it to outsiders. Matty has been invaluable as a messenger. Now he must risk everything to make one last journey through the treacherous forest with his only weapon, a power he unexpectedly discovers within himself.",,The Giver,3
84,9780547887203,Son,Lois Lowry,Young Adult,12.99,1,Active,https://i.gr-assets.com/images/S/compressed.photo.goodreads.com/books/1349952095l/13324841.jpg,"They called her Water Claire. When she washed up on their shore, no one knew that she came from a society where emotions and colors didn't exist. That she had become a Vessel at age thirteen. That she had carried a Product at age fourteen. That it had been stolen from her body. Claire had a son. But what became of him she never knew. What was his name? Was he even alive? She was supposed to forget him, but that was impossible. Now Claire will stop at nothing to find her child, even if it means making an unimaginable sacrifice.",,The Giver,4
85,9781400096893,Memoirs of a Geisha,Arthur Golden,Fiction,8.99,0,Active,https://i.gr-assets.com/images/S/compressed.photo.goodreads.com/books/1409595968l/929.jpg,"In Memoirs of a Geisha, we enter a world where appearances are paramount; where a girl's virginity is auctioned to the highest bidder; where women are trained to beguile the most powerful men; and where love is scorned as illusion.",,,
86,9780451529305,Little Women,Louisa May Alcott,Classics,7.99,15,Active,https://i.gr-assets.com/images/S/compressed.photo.goodreads.com/books/1562690475l/1934._SY475_.jpg,"The March sisters, Jo, Beth, Meg, and Amy, support one another through the challenges of life in Civil War-era New England. Their different ambitions and personalities shape a story of family, growing up, and devotion.",,Little Women,1
87,9781406954364,Little Men,Louisa May Alcott,Classics,8.99,23,Active,https://i.gr-assets.com/images/S/compressed.photo.goodreads.com/books/1575357839l/78950.jpg,"With two sons of her own, and twelve rescued orphan boys filling the informal school at Plumfield, Jo March - now Jo Bhaer - couldn't be happier. But despite the warm and affectionate help of the whole March family, boys have a habit of getting into scrapes, and there are plenty of troubles and adventures in store.",,Little Women,2
88,9781406501070,Jo's Boys,Louisa May Alcott,Classics,11.99,19,Active,https://i.gr-assets.com/images/S/compressed.photo.goodreads.com/books/1347470247l/372319.jpg,"Beginning ten years after Little Men, Jo's Boys revisits Plumfield, the New England school still presided over by Jo and her husband, Professor Bhaer. Jo remains at the center of the tale, surrounded by her boys - including rebellious Dan, sailor Emil, and promising musician Nat - as they experience shipwreck and storm, disappointment and even murder.",,Little Women,3
89,9780743247221,Fahrenheit 451,Ray Bradbury,Classics,8.99,25,Active,https://i.gr-assets.com/images/S/compressed.photo.goodreads.com/books/1383718290l/13079982.jpg,"Guy Montag is a fireman. In his world, where television rules and literature is on the brink of extinction, firemen start fires rather than put them out. His job is to destroy the most illegal of commodities, the printed book, along with the houses in which they are hidden. Montag never questions the destruction and ruin his actions produce, returning each day to his bland life and wife, Mildred, who spends all day with her television 'family'.",,,
90,9780142437209,Jane Eyre,Charlotte Brontë,Classics,7.99,25,Active,https://i.gr-assets.com/images/S/compressed.photo.goodreads.com/books/1557343311l/10210._SY475_.jpg,"Orphaned as a child, Jane has felt an outcast her whole young life. Her courage is tested once again when she arrives at Thornfield Hall, where she has been hired by the brooding, proud Edward Rochester to care for his ward Adèle. Jane finds herself drawn to his troubled yet kind spirit. She falls in love. Hard. But there is a terrifying secret inside the gloomy, forbidding Thornfield Hall. Is Rochester hiding from Jane? Will Jane be left heartbroken and exiled once again?",,,
91,9781416914280,City of Bones,Cassandra Clare,Fantasy,11.99,15,Active,https://i.gr-assets.com/images/S/compressed.photo.goodreads.com/books/1432730315l/256683._SY475_.jpg,"When fifteen-year-old Clary Fray heads out to the Pandemonium Club in New York City, she hardly expects to witness a murder - much less a murder committed by three teenagers covered with strange tattoos and brandishing bizarre weapons. Then the body disappears into thin air. It's hard to call the police when the murderers are invisible to everyone else and when there is nothing - not even a smear of blood - to show that a boy has died. Or was he a boy? This is Clary's first meeting with the Shadowhunters, warriors dedicated to ridding the earth of demons.",,The Mortal Instruments,1
92,9781416914297,City of Ashes,Cassandra Clare,Fantasy,11.99,17,Active,https://i.gr-assets.com/images/S/compressed.photo.goodreads.com/books/1432730356l/1582996._SY475_.jpg,"Clary Fray just wishes that her life would go back to normal. But what's normal when you're a demon-slaying Shadowhunter, your mother is in a magically induced coma, and you can suddenly see Downworlders like werewolves, vampires, and faeries? If Clary left the world of the Shadowhunters behind, it would mean more time with her best friend, Simon, who's becoming more than a friend. But the Shadowhunting world isn't ready to let her go - especially her handsome, infuriating, newfound brother, Jace.",,The Mortal Instruments,2
93,9781416914303,City of Glass,Cassandra Clare,Fantasy,13.99,16,Active,https://i.gr-assets.com/images/S/compressed.photo.goodreads.com/books/1369452339l/3777732.jpg,"To save her mother's life, Clary must travel to the City of Glass, the ancestral home of the Shadowhunters - never mind that entering the city without permission is against the Law, and breaking the Law could mean death. To make things worse, she learns that Jace does not want her there, and Simon has been thrown in prison by the Shadowhunters, who are deeply suspicious of a vampire who can withstand sunlight. As Clary uncovers more about her family's past, she finds an ally in mysterious Shadowhunter Sebastian.",,The Mortal Instruments,3
94,9781442403543,City of Fallen Angels,Cassandra Clare,Fantasy,14.99,14,Active,https://i.gr-assets.com/images/S/compressed.photo.goodreads.com/books/1369452302l/6752378.jpg,"The Mortal War is over, and sixteen-year-old Clary Fray is back home in New York, excited about all the possibilities before her. She's training to become a Shadowhunter and to use her unique power. Her mother is getting married to the love of her life. Downworlders and Shadowhunters are at peace at last. And - most importantly of all - she can finally call Jace her boyfriend. But nothing comes without a price. Someone is murdering Shadowhunters, provoking tensions between Downworlders and Shadowhunters that could lead to a second, bloody war.",,The Mortal Instruments,4
95,9781442416864,City of Lost Souls,Cassandra Clare,Fantasy,9.99,30,Active,https://i.gr-assets.com/images/S/compressed.photo.goodreads.com/books/1460477703l/8755776.jpg,"What price is too high to pay, even for love? When Jace and Clary meet again, Clary is horrified to discover that the demon Lilith's magic has bound her beloved Jace together with her evil brother Sebastian, and that Jace has become a servant of evil. The Clave is out to destroy Sebastian, but there is no way to harm one boy without destroying the other. As Alec, Magnus, Simon, and Isabelle wheedle and bargain with Seelies, demons, and the merciless Iron Sisters to try to save Jace, Clary plays a dangerous game of her own.",,The Mortal Instruments,5
96,9781481426305,City of Heavenly Fire,Cassandra Clare,Fantasy,16.99,24,Active,https://i.gr-assets.com/images/S/compressed.photo.goodreads.com/books/1460477794l/8755785.jpg,"In this dazzling and long-awaited conclusion to the acclaimed Mortal Instruments series, Clary and her friends fight the greatest evil they have ever faced: Clary's own brother. Sebastian Morgenstern is on the move, systematically turning Shadowhunter against Shadowhunter. Bearing the Infernal Cup, he transforms Shadowhunters into creatures out of nightmare, tearing apart families and lovers as the ranks of his Endarkened army swell. The embattled Shadowhunters withdraw to Idris - but not even the famed demon towers of Alicante can keep Sebastian at bay.",,The Mortal Instruments,6
97,9781939126016,The Time Traveler's Wife,Audrey Niffenegger,Fiction,12.99,14,Active,https://i.gr-assets.com/images/S/compressed.photo.goodreads.com/books/1380660571l/18619684.jpg,"A funny, often poignant tale of boy meets girl with a twist: what if one of them couldn't stop slipping in and out of time? Highly original and imaginative, this debut novel raises questions about life, love, and the effects of time on relationships. Audrey Niffenegger's innovative debut, The Time Traveler's Wife, is the story of Clare, a beautiful art student, and Henry, an adventuresome librarian, who have known each other since Clare was six and Henry was thirty-six, and were married when Clare was twenty-three and Henry thirty-one.",,,
98,9780143038412,"Eat, Pray, Love",Elizabeth Gilbert,Memoir & Biography,12.99,20,Active,https://i.gr-assets.com/images/S/compressed.photo.goodreads.com/books/1503066414l/19501.jpg,"A celebrated writer's irresistible, candid, and eloquent account of her pursuit of worldly pleasure, spiritual devotion, and what she really wanted out of life. Around the time Elizabeth Gilbert turned thirty, she went through an early-onslaught midlife crisis. She had everything an educated, ambitious American woman was supposed to want - a husband, a house, a successful career. But instead of feeling happy and fulfilled, she was consumed with panic, grief, and confusion. She went through a divorce, a crushing depression, another failed love, and the eradication of everything she ever thought she was supposed to be.",,,
99,9780547345666,The Handmaid's Tale,Margaret Atwood,Fiction,12.99,19,Active,https://i.gr-assets.com/images/S/compressed.photo.goodreads.com/books/1578028274l/38447._SY475_.jpg,"Offred is a Handmaid in the Republic of Gilead. She may leave the home of the Commander and his wife once a day to walk to food markets whose signs are now pictures instead of words because women are no longer allowed to read. She must lie on her back once a month and pray that the Commander makes her pregnant, because in an age of declining births, Offred and the other Handmaids are valued only if their ovaries are viable. Offred can remember the years before, when she lived and made love with her husband, Luke; when she played with and protected her daughter; when she had a job, money of her own, and access to knowledge.",,The Handmaid's Tale,1
100,9780385543781,The Testaments,Margaret Atwood,Fiction,14.99,29,Active,https://i.gr-assets.com/images/S/compressed.photo.goodreads.com/books/1549292344l/42975172.jpg,"When the van door slammed on Offred's future at the end of The Handmaid's Tale, readers had no way of telling what lay ahead for her - freedom, prison or death. With The Testaments, the wait is over. Margaret Atwood's sequel picks up the story more than fifteen years after Offred stepped into the unknown, with the explosive testaments of three female narrators from Gilead. In this brilliant sequel to The Handmaid's Tale, acclaimed author Margaret Atwood answers the questions that have tantalized readers for decades.",,The Handmaid's Tale,2
101,9780060929879,Brave New World,Aldous Huxley,Classics,7.99,32,Active,https://i.gr-assets.com/images/S/compressed.photo.goodreads.com/books/1575509280l/5129._SY475_.jpg,"Brave New World is a dystopian novel by Aldous Huxley. Largely set in a futuristic World State, inhabited by genetically modified citizens and an intelligence-based social hierarchy, the novel anticipates huge scientific advancements in reproductive technology, sleep-learning, psychological manipulation and classical conditioning that are combined to make a dystopian society which is challenged by only a single individual: the story's protagonist.",,,
102,9780375826696,Eragon,Christopher Paolini,Fantasy,10.99,18,Active,https://i.gr-assets.com/images/S/compressed.photo.goodreads.com/books/1366212852l/113436.jpg,"When Eragon finds a polished blue stone in the forest, he thinks it is the lucky discovery of a poor farm boy; perhaps it will buy his family meat for the winter. But when the stone brings a dragon hatchling, Eragon soon realizes he has stumbled upon a legacy nearly as old as the Empire itself. Overnight his simple life is shattered, and he is thrust into a perilous new world of destiny, magic, and power.",,The Inheritance Cycle,1
103,9780375840401,Eldest,Christopher Paolini,Fantasy,9.99,0,Active,https://i.gr-assets.com/images/S/compressed.photo.goodreads.com/books/1387119654l/45978.jpg,"Darkness falls... despair abounds... evil reigns... Eragon and his dragon, Saphira, have just saved the rebel state from destruction by the mighty forces of King Galbatorix, cruel ruler of the Empire. Now Eragon must travel to Ellesmera, land of the elves, for further training in the skills of the Dragon Rider. Ages 12+. Darkness falls... despair abounds... evil reigns... Eragon and his dragon, Saphira, have just saved the rebel state from destruction by the mighty forces of King Galbatorix, cruel ruler of the Empire. Now Eragon must travel to Ellesmera, land of the elves, for further training in the skills of the Dragon Rider: magic and swordsmanship.",,The Inheritance Cycle,2
104,9780375826726,Brisingr,Christopher Paolini,Fantasy,11.99,23,Active,https://i.gr-assets.com/images/S/compressed.photo.goodreads.com/books/1391443970l/2248573.jpg,"Oaths sworn... loyalties tested... forces collide. It's been only months since Eragon first uttered ""brisingr"", an ancient language term for fire. Since then, he's not only learned to create magic with words - he's been challenged to his very core. Following the colossal battle against the Empires warriors on the Burning Plains, Eragon and his dragon, Saphira, have narrowly escaped with their lives. Still, there is more adventure at hand for the Rider and his dragon, as Eragon finds himself bound by a tangle of promises he may not be able to keep.",,The Inheritance Cycle,3
105,9780375856112,Inheritance,Christopher Paolini,Fantasy,12.99,20,Active,https://i.gr-assets.com/images/S/compressed.photo.goodreads.com/books/1390886502l/7664041.jpg,"It began with Eragon... It ends with Inheritance. Not so very long ago, Eragon - Shadeslayer, Dragon Rider - was nothing more than a poor farm boy, and his dragon, Saphira, only a blue stone in the forest. Now the fate of an entire civilization rests on their shoulders. Long months of training and battle have brought victories and hope, but they have also brought heartbreaking loss. And still, the real battle lies ahead: they must confront Galbatorix. When they do, they will have to be strong enough to defeat him. And if they cannot, no one can. There will be no second chance. The Rider and his dragon have come further than anyone dared to hope.",,The Inheritance Cycle,4
106,9780064410939,Charlotte's Web,"E.B. White, Rosemary Wells (Illustrations)",Classics,9.99,30,Active,https://i.gr-assets.com/images/S/compressed.photo.goodreads.com/books/1439632243l/24178._SY475_.jpg,"Charlotte's spiderweb tells of her feelings for a little pig named Wilbur, who simply wants a friend. They also express the love of a girl named Fern, who saved Wilbur's life when he was born the runt of his litter.",,,
107,9781565125605,Water for Elephants,Sara Gruen,Fiction,10.99,21,Active,https://i.gr-assets.com/images/S/compressed.photo.goodreads.com/books/1494428973l/43641._SY475_.jpg,"When Jacob Jankowski, recently orphaned and suddenly adrift, jumps onto a passing train, he enters a world of freaks, drifters, and misfits, a second-rate circus struggling to survive during the Great Depression, making one-night stands in town after endless town. A veterinary student who almost earned his degree, Jacob is put in charge of caring for the circus menagerie.",,,
108,9780156012195,The Little Prince,Antoine de Saint-Exupéry,Classics,9.99,16,Active,https://i.gr-assets.com/images/S/compressed.photo.goodreads.com/books/1367545443l/157993.jpg,"A young prince leaves his small home world and travels from planet to planet, encountering people whose habits and priorities puzzle him. His journey offers a fable about friendship, love, loneliness, and the things that give life meaning.",,,
109,9780393978896,Wuthering Heights,"Emily Brontë, Charlotte Brontë (Commentary)",Classics,11.99,26,Active,https://i.gr-assets.com/images/S/compressed.photo.goodreads.com/books/1587655304l/6185._SY475_.jpg,"On the Yorkshire moors, the bond between Heathcliff and Catherine Earnshaw grows from childhood friendship into a destructive passion. Catherine's decision to marry another man sets jealousy and revenge in motion, entangling the Earnshaw and Linton families across generations.",,,
110,9780770430078,Life of Pi,Yann Martel,Fiction,11.99,29,Active,https://i.gr-assets.com/images/S/compressed.photo.goodreads.com/books/1320562005l/4214.jpg,"Life of Pi is a fantasy adventure novel by Yann Martel published in 2001. The protagonist, Piscine Molitor ""Pi"" Patel, a Tamil boy from Pondicherry, explores issues of spirituality and practicality from an early age. He survives 227 days after a shipwreck while stranded on a boat in the Pacific Ocean with a Bengal tiger named Richard Parker.",,,
111,9780446520805,The Notebook,Nicholas Sparks,Romance,16.99,25,Active,https://i.gr-assets.com/images/S/compressed.photo.goodreads.com/books/1483183484l/33648131._SY475_.jpg,"Set amid the austere beauty of the North Carolina coast begins the story of Noah Calhoun, a rural Southerner recently returned from the Second World War. Noah is restoring a plantation home to its former glory, and he is haunted by images of the beautiful girl he met fourteen years earlier, a girl he loved like no other. Unable to find her, yet unwilling to forget the summer they spent together, Noah is content to live with only memories... until she unexpectedly returns to his town to see him once again. Like a puzzle within a puzzle, the story of Noah and Allie is just the beginning.",,The Notebook,1
112,9780446615860,The Wedding,Nicholas Sparks,Romance,8.99,24,Active,https://i.gr-assets.com/images/S/compressed.photo.goodreads.com/books/1385738787l/3466.jpg,"After thirty years of marriage, Wilson Lewis, son-in-law of Allie and Noah Calhoun (of The Notebook), is forced to admit that the romance has gone out of his marriage. Desperate to win back his wife, Jane's, heart, he must figure out how to make her fall in love with him... again. Despite the shining example of Allie and Noah's marriage, Wilson is himself a man unable to easily express his emotions. A successful estate attorney, he has provided well for his family, but now, with his daughter's upcoming wedding, he is forced to face the fact that he and Jane have grown apart and he wonders if she even loves him anymore.",,The Notebook,2
113,9780375845109,Once Upon a Time in the North,Philip Pullman,Fantasy,9.99,23,Active,https://i.gr-assets.com/images/S/compressed.photo.goodreads.com/books/1331317426l/2225238.jpg,"In this prequel episode from Philip Pullman's His Dark Materials universe, Lee Scoresby - Texan aeronaut and future friend to Lyra Belacqua - is 24 years old. The story reveals the origins of Scoresby's friendship with Iorek Byrnison as well as Scoresby's aeronautical career. After winning his hot-air balloon in a poker game, Scoresby finds himself floating north. On the Arctic island of Novy Odense, Scoresby and his dæmon Hester become involved in a deadly plot involving an oil magnate, a corrupt mayoral candidate, and a hired killer who is Lee's longtime nemesis from the Dakota Country.",,His Dark Materials,0.5
114,9780679879244,The Golden Compass,Philip Pullman,Fantasy,11.99,17,Active,https://i.gr-assets.com/images/S/compressed.photo.goodreads.com/books/1505766203l/119322._SX318_.jpg,"Lyra is rushing to the cold, far North, where witch clans and armored bears rule. North, where the Gobblers take the children they steal - including her friend Roger. North, where her fearsome uncle Asriel is trying to build a bridge to a parallel world. Can one small girl make a difference in such great and terrible endeavors? This is Lyra: a savage, a schemer, a liar, and as fierce and true a champion as Roger or Asriel could want - but what Lyra doesn't know is that to help one of them will be to betray the other.",,His Dark Materials,1
115,9780439951791,The Subtle Knife,Philip Pullman,Fantasy,10.99,20,Active,https://i.gr-assets.com/images/S/compressed.photo.goodreads.com/books/1535965085l/41637836._SY475_.jpg,"Lyra finds herself in a shimmering, haunted otherworld - Cittàgazze, where soul-eating Spectres stalk the streets and wingbeats of distant angels sound against the sky. But she is not without allies: twelve-year-old Will Parry, fleeing for his life after taking another's, has also stumbled into this strange new realm.",,His Dark Materials,2
116,9780440238157,The Amber Spyglass,Philip Pullman,Fantasy,10.99,28,Active,https://i.gr-assets.com/images/S/compressed.photo.goodreads.com/books/1329189152l/18122.jpg,"Will is the bearer of the knife. Now, accompanied by angels, his task is to deliver that powerful, dangerous weapon to Lord Asriel - by the command of his dying father. But how can he go looking for Lord Asriel when Lyra is gone? Only with her help can he fathom the myriad plots and intrigues that beset him. The two great powers of the many worlds are lining up for war, and Will must find Lyra, for together they are on their way to battle, an inevitable journey that will even take them to the world of the dead...",,His Dark Materials,3
117,9780375828195,Lyra's Oxford,Philip Pullman,Fantasy,8.99,15,Active,https://i.gr-assets.com/images/S/compressed.photo.goodreads.com/books/1524742342l/531197.jpg,"Lyra's Oxford begins with Lyra and Pantalaimon spotting a witch's dæmon. Lyra shelters the daemon from the pursuit of a frenzied pack of birds, and then attempts to help by guiding the daemon to the home of an alchemist living in a part of Oxford known as Jericho. The journey through Oxford reveals more dangers than Lyra had anticipated.",,His Dark Materials,3.5
118,9780671027346,The Perks of Being a Wallflower,Stephen Chbosky,Young Adult,14.99,20,Active,https://i.gr-assets.com/images/S/compressed.photo.goodreads.com/books/1520093244l/22628.jpg,"Through letters to an unnamed friend, Charlie shares the joys, confusion, and pain of growing up in high school. His observations explore friendship, belonging, and the struggle to move from watching life at its edges to taking part in it.",,,
119,9781400032716,The Curious Incident of the Dog in the Night-Time,Mark Haddon,Fiction,9.99,25,Active,https://i.gr-assets.com/images/S/compressed.photo.goodreads.com/books/1479863624l/1618._SY475_.jpg,"Christopher John Francis Boone knows all the countries of the world and their capitals and every prime number up to 7,057. He relates well to animals but has no understanding of human emotions. He cannot stand to be touched. And he detests the color yellow. Although gifted with a superbly logical brain, for fifteen-year-old Christopher everyday interactions and admonishments have little meaning. He lives on patterns, rules, and a diagram kept in his pocket. Then one day, a neighbor's dog, Wellington, is killed and his carefully constructive universe is threatened.",,,
120,9780060513030,Where the Sidewalk Ends,Shel Silverstein,Poetry,11.99,26,Active,https://i.gr-assets.com/images/S/compressed.photo.goodreads.com/books/1168052448l/30119._SX318_.jpg,"This classic poetry collection, which is both outrageously funny and profound, has been the most beloved of Shel Silverstein's poetry books for generations. Where the sidewalk ends, Shel Silverstein's world begins. There you'll meet a boy who turns into a TV set and a girl who eats a whale. The Unicorn and the Bloath live there, and so does Sarah Cynthia Sylvia Stout who will not take the garbage out.",,,
121,9780143131847,Frankenstein: The 1818 Text,Mary Wollstonecraft Shelley,Classics,8.99,17,Active,https://i.gr-assets.com/images/S/compressed.photo.goodreads.com/books/1498841231l/35031085.jpg,"In Mary Shelley's original 1818 novel, a scientist's creation becomes a monster. The story explores ambition, responsibility, and the consequences of bringing a new life into the world.",,,
122,9780143039563,The Adventures of Tom Sawyer,Mark Twain,Classics,10.99,26,Active,https://i.gr-assets.com/images/S/compressed.photo.goodreads.com/books/1404811979l/24583.jpg,"The Adventures of Tom Sawyer revolves around the youthful adventures of the novel's schoolboy protagonist, Thomas Sawyer, whose reputation precedes him for causing mischief and strife. Tom lives with his Aunt Polly, half-brother Sid, and cousin Mary in the quaint town of St. Petersburg, just off the shore of the Mississippi River. St. Petersburg is described as a typical small-town atmosphere where the Christian faith is predominant, the social network is close-knit, and familiarity resides.",,Adventures of Tom and Huck,1
123,9780142437179,The Adventures of Huckleberry Finn,"Mark Twain, Walter Trier (Ilustrator)",Classics,8.99,22,Active,https://i.gr-assets.com/images/S/compressed.photo.goodreads.com/books/1546096879l/2956.jpg,"A nineteenth-century boy from a Mississippi River town recounts his adventures as he travels down the river with a runaway slave, encountering a family involved in a feud, two scoundrels pretending to be royalty, and Tom Sawyer's aunt who mistakes him for Tom.",,Adventures of Tom and Huck,2
124,9781594489501,A Thousand Splendid Suns,Khaled Hosseini,Fiction,16.99,22,Active,https://i.gr-assets.com/images/S/compressed.photo.goodreads.com/books/1345958969l/128029.jpg,"A Thousand Splendid Suns is a breathtaking story set against the volatile events of Afghanistan's last thirty years - from the Soviet invasion to the reign of the Taliban to post-Taliban rebuilding - that puts the violence, fear, hope, and faith of this country in intimate, human terms. It is a tale of two generations of characters brought jarringly together by the tragic sweep of war, where personal lives - the struggle to survive, raise a family, find happiness - are inextricable from the history playing out around them.",,,
125,9780143124542,Me Before You,Jojo Moyes,Romance,12.99,17,Active,https://i.gr-assets.com/images/S/compressed.photo.goodreads.com/books/1387003413l/17347634.jpg,"Louisa Clark is an ordinary girl living an exceedingly ordinary life - steady boyfriend, close family - who has barely been farther afield than their tiny village. She takes a badly needed job working for ex-Master of the Universe Will Traynor, who is wheelchair bound after an accident.",,Me Before You,1
126,9780143108863,After You,Jojo Moyes,Fiction,10.99,31,Active,https://i.gr-assets.com/images/S/compressed.photo.goodreads.com/books/1539892322l/27774596._SY475_.jpg,"How do you move on after losing the person you loved? How do you build a life worth living? Louisa Clark is no longer just an ordinary girl living an ordinary life. After the transformative six months spent with Will Traynor, she is struggling without him.",,Me Before You,2
127,9780399562464,Still Me,Jojo Moyes,Fiction,8.99,25,Active,https://i.gr-assets.com/images/S/compressed.photo.goodreads.com/books/1537058720l/41839602._SY475_.jpg,"Louisa Clark arrives in New York ready to start a new life, confident that she can embrace this new adventure and keep her relationship with Ambulance Sam alive across several thousand miles. She steps into the world of the superrich, working for Leonard Gopnik and his much younger second wife, Agnes. Lou is determined to get the most out of the experience and throws herself into her new job and New York life.",,Me Before You,3
128,9780765347985,First Meetings in Ender's Universe,Orson Scott Card,Science Fiction,9.99,21,Active,https://i.gr-assets.com/images/S/compressed.photo.goodreads.com/books/1421966659l/7957.jpg,"This collection of stories explores Ender Wiggin's universe and family history. In ""The Polish Boy,"" the future father of Ender, John Paul Wiggin, draws attention from a Hegemony desperate to find brilliant military leaders between the first two Bugger Wars.",,Ender's Saga,0.5
129,9780812550702,Ender's Game,Orson Scott Card,Science Fiction,12.99,2,Active,https://i.gr-assets.com/images/S/compressed.photo.goodreads.com/books/1408303130l/375802.jpg,"Andrew ""Ender"" Wiggin thinks he is playing computer simulated war games; he is, in fact, engaged in something far more desperate. The result of genetic experimentation, Ender may be the military genius Earth desperately needs in a war against an alien enemy seeking to destroy all human life. The only way to find out is to throw Ender into ever harsher training, to chip away and find the diamond inside, or destroy him utterly. Ender Wiggin is six years old when it begins. He will grow up fast. But Ender is not the only result of the experiment.",,Ender's Saga,1
130,9780765312822,A War of Gifts,Orson Scott Card,Science Fiction,16.99,22,Active,https://i.gr-assets.com/images/S/compressed.photo.goodreads.com/books/1442969720l/552987._SX318_.jpg,"During Ender Wiggin's early years at Battle School, students from many nations and faiths are forbidden to celebrate religious holidays. Dink Meeker challenges that restriction by leaving a Sinterklaas gift in another student's shoe, setting the stage for conflict over belief, tradition, and belonging.",,Ender's Saga,1.1
131,9780812550757,Speaker for the Dead,Orson Scott Card,Science Fiction,14.99,14,Active,https://i.gr-assets.com/images/S/compressed.photo.goodreads.com/books/1295660894l/7967.jpg,"Three thousand years after the Bugger War, Ender Wiggin is remembered as the Xenocide, destroyer of an alien race. As the Speaker for the Dead, he tells the truth about the past. When another alien species is discovered, he faces the danger that fear and misunderstanding may cause history to repeat itself.",,Ender's Saga,2
132,9780312861872,Xenocide,Orson Scott Card,Science Fiction,14.99,16,Active,https://i.gr-assets.com/images/S/compressed.photo.goodreads.com/books/1386924577l/8648.jpg,"The war for survival of the planet Lusitania will be fought in the hearts of a child named Gloriously Bright. On Lusitania, Ender found a world where humans and pequininos and the Hive Queen could all live together; where three very different intelligent species could find common ground at last. Or so he thought. Lusitania also harbors the descolada, a virus that kills all humans it infects, but which the pequininos require in order to become adults. The Starways Congress so fears the effects of the descolada, should it escape from Lusitania, that they have ordered the destruction of the entire planet, and all who live there.",,Ender's Saga,3
133,9780765304742,Children of the Mind,Orson Scott Card,Science Fiction,16.99,18,Active,https://i.gr-assets.com/images/S/compressed.photo.goodreads.com/books/1390362338l/31360.jpg,"At the start of Children of the Mind, Jane, the evolved computer intelligence, is using her newly discovered abilities to take the races of buggers, humans and pequeninos outside the universe and back instantaneously. She uses these powers to move them to distant habitable planets for colonization.",,Ender's Saga,4
134,9780385333849,Slaughterhouse-Five,Kurt Vonnegut Jr.,Classics,10.99,15,Active,https://i.gr-assets.com/images/S/compressed.photo.goodreads.com/books/1440319389l/4981.jpg,"Centering on the infamous firebombing of Dresden, Billy Pilgrim's odyssey through time reflects the mythic journey of our own fractured lives as we search for meaning in what we fear most.",,,
135,9780450040184,The Shining,Stephen King,Horror,13.99,31,Active,https://i.gr-assets.com/images/S/compressed.photo.goodreads.com/books/1353277730l/11588.jpg,"Jack Torrance's new job at the Overlook Hotel is the perfect chance for a fresh start. As the off-season caretaker at the atmospheric old hotel, he'll have plenty of time to spend reconnecting with his family and working on his writing. But as the harsh winter weather sets in, the idyllic location feels ever more remote... and more sinister. And the only one to notice the strange and terrible forces gathering around the Overlook is Danny Torrance, a uniquely gifted five-year-old.",,The Shining,1
136,9781476727653,Doctor Sleep,Stephen King,Horror,11.99,29,Active,https://i.gr-assets.com/images/S/compressed.photo.goodreads.com/books/1510335480l/16130549._SY475_.jpg,"The now middle-aged Dan Torrance, the boy from The Shining, must save a gifted twelve-year-old girl from a group of murderous paranormals. Traveling across America in their RVs, the members of the True Knot look harmless, but their search for sustenance conceals a deadly threat.",,The Shining,2
137,9780142001745,The Secret Life of Bees,Sue Monk Kidd,Fiction,16.99,31,Active,https://i.gr-assets.com/images/S/compressed.photo.goodreads.com/books/1473454532l/37435._SY475_.jpg,"Set in South Carolina in 1964, The Secret Life of Bees tells the story of Lily Owens, whose life has been shaped around the blurred memory of the afternoon her mother was killed. When Lily's fierce-hearted black ""stand-in mother,"" Rosaleen, insults three of the deepest racists in town, Lily decides to spring them both free. They escape to Tiburon, South Carolina - a town that holds the secret to her mother's past. Taken in by an eccentric trio of black beekeeping sisters, Lily is introduced to their mesmerizing world of bees and honey, and the Black Madonna.",,,
138,9780525475064,Looking for Alaska,John Green,Young Adult,10.99,23,Active,https://i.gr-assets.com/images/S/compressed.photo.goodreads.com/books/1394798630l/99561.jpg,"Miles ""Pudge"" Halter is done with his safe life at home. His whole life has been one big non-event, and his obsession with famous last words has only made him crave ""the Great Perhaps"" even more (Francois Rabelais, poet). He heads off to the sometimes crazy and anything-but-boring world of Culver Creek Boarding School, and his life becomes the opposite of safe. Because down the hall is Alaska Young. The gorgeous, clever, funny, sexy, self-destructive, screwed up, and utterly fascinating Alaska Young. She is an event unto herself. She pulls Pudge into her world, launches him into the Great Perhaps, and steals his heart.",,,
139,9780446675536,Gone with the Wind,Margaret Mitchell,Classics,9.99,31,Active,https://i.gr-assets.com/images/S/compressed.photo.goodreads.com/books/1551144577l/18405._SY475_.jpg,"Scarlett O'Hara, the beautiful, spoiled daughter of a well-to-do Georgia plantation owner, must use every means at her disposal to claw her way out of the poverty she finds herself in after Sherman's March to the Sea.",,,
140,9780743454537,My Sister's Keeper,Jodi Picoult,Fiction,9.99,22,Active,https://i.gr-assets.com/images/S/compressed.photo.goodreads.com/books/1369504683l/10917.jpg,"Anna is not sick, but she might as well be. By age thirteen, she has undergone countless surgeries, transfusions, and shots so that her older sister, Kate, can somehow fight the leukemia that has plagued her since childhood. The product of preimplantation genetic diagnosis, Anna was conceived as a bone marrow match for Kate - a life and a role that she has never challenged... until now. Like most teenagers, Anna is beginning to question who she truly is.",,,
141,9780385737944,The Maze Runner,James Dashner,Young Adult,12.99,21,Active,https://i.gr-assets.com/images/S/compressed.photo.goodreads.com/books/1375596592l/6186357.jpg,"If you ain't scared, you ain't human. When Thomas wakes up in the lift, the only thing he can remember is his name. He's surrounded by strangers - boys whose memories are also gone. Nice to meet ya, shank. Welcome to the Glade. Outside the towering stone walls that surround the Glade is a limitless, ever-changing maze. It's the only way out - and no one's ever made it through alive. Everything is going to change. Then a girl arrives. The first girl ever. And the message she delivers is terrifying. Remember. Survive. Run.",,The Maze Runner,1
142,9780385738750,The Scorch Trials,James Dashner,Young Adult,10.99,19,Active,https://i.gr-assets.com/images/S/compressed.photo.goodreads.com/books/1388240248l/7631105.jpg,Solving the Maze was supposed to be the end. Thomas was sure that escape from the Maze would mean freedom for him and the Gladers. But WICKED isn't done yet. Phase Two has just begun. The Scorch. There are no rules. There is no help. You either make it or you die. The Gladers have two weeks to cross through the Scorch - the most burned-out section of the world. And WICKED has made sure to adjust the variables and stack the odds against them. Friendships will be tested. Loyalties will be broken. All bets are off. There are others now. Their survival depends on the Gladers' destruction - and they're determined to survive.,,The Maze Runner,2
143,9780385738774,The Death Cure,James Dashner,Young Adult,10.99,25,Active,https://i.gr-assets.com/images/S/compressed.photo.goodreads.com/books/1303997647l/7864437.jpg,"It's the end of the line. WICKED has taken everything from Thomas: his life, his memories, and now his only friends - the Gladers. But it's finally over. The trials are complete, after one final test. Will anyone survive? What WICKED doesn't know is that Thomas remembers far more than they think. And it's enough to prove that he can't believe a word of what they say. The truth will be terrifying. Thomas beat the Maze. He survived the Scorch. He'll risk anything to save his friends. But the truth might be what ends it all. The time for lies is over.",,The Maze Runner,3
144,9780385742887,The Kill Order,James Dashner,Young Adult,14.99,0,Active,https://i.gr-assets.com/images/S/compressed.photo.goodreads.com/books/1330636153l/13089710.jpg,"Before WICKED was formed, before the Glade was built, before Thomas entered the Maze, sun flares hit the earth and mankind fell to disease. Mark and Trina were there when it happened, and they survived. But surviving the sun flares was easy compared to what came next. Now a disease of rage and lunacy races across the eastern United States, and there's something suspicious about its origin. Worse yet, it's mutating, and all evidence suggests that it will bring humanity to its knees. Mark and Trina are convinced there's a way to save those left living from descending into madness. And they're determined to find it - if they can stay alive.",,The Maze Runner,4
145,9780553513097,The Fever Code,James Dashner,Young Adult,9.99,17,Active,https://i.gr-assets.com/images/S/compressed.photo.goodreads.com/books/1449687382l/23267628.jpg,"Once there was a world's end. The forests burned, the lakes and rivers dried up, and the oceans swelled. Then came a plague, and fever spread across the globe. Families died, violence reigned, and man killed man. Next came WICKED, who were looking for an answer. And then they found the perfect boy. The boy's name was Thomas, and Thomas built a maze. Now there are secrets. There are lies. And there are loyalties history could never have foreseen. This is the story of that boy, Thomas, and how he built a maze that only he could tear down. All will be revealed.",,The Maze Runner,5
146,9781250153272,A Wrinkle in Time,Madeleine L'Engle,Fantasy,9.99,29,Active,https://i.gr-assets.com/images/S/compressed.photo.goodreads.com/books/1507963312l/33574273._SX318_.jpg,"It was a dark and stormy night. Out of this wild night, a strange visitor comes to the Murry house and beckons Meg, her brother Charles Wallace, and their friend Calvin O'Keefe on a most dangerous and extraordinary adventure - one that will threaten their lives and our universe. Winner of the 1963 Newbery Medal, A Wrinkle in Time is the first book in Madeleine L'Engle's classic Time Quintet.",,Time Quintet,1
147,9780440487616,A Wind in the Door,Madeleine L'Engle,Fantasy,8.99,30,Active,https://i.gr-assets.com/images/S/compressed.photo.goodreads.com/books/1327464177l/18130.jpg,"Every time a star goes out, another Echthros has won a battle. Just before Meg Murry's little brother, Charles Wallace, falls deathly ill, he sees dragons in the vegetable garden. The dragons turn out to be Proginoskes, a cherubim composed out wings and eyes, wind and flame. It is up to Meg and Proginoskes, along with Meg's friend Calvin, to save Charles Wallace's life. To do so, they must travel deep within Charles Wallace to attempt to defeat the Echthroi - those who hate - and restore brilliant harmony and joy to the rhythm of creation, the song of the universe.",,Time Quintet,2
148,9780440401582,A Swiftly Tilting Planet,Madeleine L'Engle,Fantasy,8.99,20,Active,https://i.gr-assets.com/images/S/compressed.photo.goodreads.com/books/1327465278l/77276.jpg,"Fifteen-year-old Charles Wallace and the unicorn Gaudior undertake a perilous journey through time in a desperate attempt to stop the destruction of the world by the mad dictator Madog Branzillo. They are not alone in their quest. Charles Wallace's sister, Meg - grown and expecting her first child, but still able to enter her brother's thoughts and emotions by ""kything"" - goes with him in spirit.",,Time Quintet,3
149,9780312368579,Many Waters,Madeleine L'Engle,Fantasy,12.99,17,Active,https://i.gr-assets.com/images/S/compressed.photo.goodreads.com/books/1593228727l/151370.jpg,"Some things have to be believed to be seen. Sandy and Dennys have always been the normal, run-of-the-mill ones in the extraordinary Murry family. They garden, make an occasional A in school, and play baseball. Nothing especially interesting has happened to the twins until they accidentally interrupt their father's experiment. Then the two boys are thrown across time and space. They find themselves alone in the desert, where, if they believe in unicorns, they can find unicorns, and whether they believe or not, mammoths and manticores will find them.",,Time Quintet,4
150,9780440208143,An Acceptable Time,Madeleine L'Engle,Fantasy,16.99,30,Active,https://i.gr-assets.com/images/S/compressed.photo.goodreads.com/books/1388764061l/24761.jpg,"A flash of lightning, a quiver in the ground, and, instead of her grandparents' farm, Polly sees mist and jagged mountains - and coming toward her, a group of young men carrying spears. Why has a time gate opened and dropped Polly into a world that existed three thousand years ago? Will she find her way back to the present before the time gate closes - and leaves her to face a group of people who believe in human sacrifice?",,Time Quintet,5
151,9781476746586,All the Light We Cannot See,Anthony Doerr,Historical Fiction,9.99,26,Active,https://i.gr-assets.com/images/S/compressed.photo.goodreads.com/books/1451445646l/18143977.jpg,"A blind French girl and a German boy struggle to survive in occupied France during World War II. When the Nazis occupy Paris, twelve-year-old Marie-Laure flees with her father to Saint-Malo, where her reclusive great-uncle lives in a house by the sea.",,,
152,9780399538537,Tales of the Peculiar,Ransom Riggs,Fantasy,9.99,20,Active,https://i.gr-assets.com/images/S/compressed.photo.goodreads.com/books/1493062288l/29358487._SY475_.jpg,"Before Miss Peregrine gave them a home, the story of peculiars was written in the Tales. Wealthy cannibals who dine on the discarded limbs of peculiars. A fork-tongued princess. The origins of the first ymbryne. These are but a few of the truly brilliant stories in Tales of the Peculiar - known to hide information about the peculiar world - first introduced by Ransom Riggs in his Miss Peregrine's Peculiar Children series. Riggs now invites you to share his secrets of peculiar history, with a collection of original stories, as collected and annotated by Millard Nullings, ward of Miss Peregrine and scholar of all things peculiar.",,Miss Peregrine's Peculiar Children,0.5
153,9781594744761,Miss Peregrine's Home for Peculiar Children,Ransom Riggs,Fantasy,12.99,31,Active,https://i.gr-assets.com/images/S/compressed.photo.goodreads.com/books/1546430481l/9460487._SY475_.jpg,"A mysterious island. An abandoned orphanage. A strange collection of very curious photographs. It all waits to be discovered in Miss Peregrine's Home for Peculiar Children, an unforgettable novel that mixes fiction and photography in a thrilling reading experience. As our story opens, a horrific family tragedy sets sixteen-year-old Jacob journeying to a remote island off the coast of Wales, where he discovers the crumbling ruins of Miss Peregrine's Home for Peculiar Children. As Jacob explores its abandoned bedrooms and hallways, it becomes clear that the children were more than just peculiar.",,Miss Peregrine's Peculiar Children,1
154,9781594747359,Hollow City,Ransom Riggs,Fantasy,12.99,21,Active,https://i.gr-assets.com/images/S/compressed.photo.goodreads.com/books/1429175859l/23164983.jpg,"This second novel begins in 1940, immediately after the first book ended. Having escaped Miss Peregrine's island by the skin of their teeth, Jacob and his new friends must journey to London, the peculiar capital of the world. Along the way, they encounter new allies, a menagerie of peculiar animals, and other unexpected surprises.",,Miss Peregrine's Peculiar Children,2
155,9781594747588,Library of Souls,Ransom Riggs,Fantasy,16.99,16,Active,https://i.gr-assets.com/images/S/compressed.photo.goodreads.com/books/1533405899l/41044147._SY475_.jpg,"A boy with extraordinary powers. An army of deadly monsters. An epic battle for the future of peculiardom. The adventure that began with Miss Peregrine's Home for Peculiar Children and continued in Hollow City comes to a thrilling conclusion with Library of Souls. As the story opens, sixteen-year-old Jacob discovers a powerful new ability, and soon he's diving through history to rescue his peculiar companions from a heavily guarded fortress. Accompanying Jacob on his journey are Emma Bloom, a girl with fire at her fingertips, and Addison MacHenry, a dog with a nose for sniffing out lost children.",,Miss Peregrine's Peculiar Children,3
156,9780735231481,A Map of Days,Ransom Riggs,Fantasy,16.99,25,Active,https://i.gr-assets.com/images/S/compressed.photo.goodreads.com/books/1524689090l/32943032._SY475_.jpg,"Having defeated the monstrous threat that nearly destroyed the peculiar world, Jacob Portman is back where his story began, in Florida. Except now Miss Peregrine, Emma, and their peculiar friends are with him, and doing their best to blend in. But carefree days of beach visits and normalling lessons are soon interrupted by a discovery - a subterranean bunker that belonged to Jacob's grandfather, Abe.",,Miss Peregrine's Peculiar Children,4
157,9780735219113,Where the Crawdads Sing,Delia Owens,Fiction,8.99,22,Active,https://i.gr-assets.com/images/S/compressed.photo.goodreads.com/books/1582135294l/36809135._SY475_.jpg,"For years, rumors of the ""Marsh Girl"" have haunted Barkley Cove, a quiet town on the North Carolina coast. So in late 1969, when handsome Chase Andrews is found dead, the locals immediately suspect Kya Clark, the so-called Marsh Girl. But Kya is not what they say. Sensitive and intelligent, she has survived for years alone in the marsh that she calls home, finding friends in the gulls and lessons in the sand. Then the time comes when she yearns to be touched and loved. When two young men from town become intrigued by her wild beauty, Kya opens herself to a new life-until the unthinkable happens.",,,
158,9780374500016,Night,Elie Wiesel,Memoir & Biography,10.99,28,Active,https://i.gr-assets.com/images/S/compressed.photo.goodreads.com/books/1575073611l/1617.jpg,"Born in the town of Sighet, Transylvania, Elie Wiesel was a teenager when he and his family were taken from their home in 1944 to Auschwitz concentration camp, and then to Buchenwald. Night is the terrifying record of Elie Wiesel's memories of the death of his family, the death of his own innocence, and his despair as a deeply observant Jew confronting the absolute evil of man.",,The Night Trilogy,1
159,9780809037728,Dawn,Elie Wiesel,Fiction,12.99,0,Active,https://i.gr-assets.com/images/S/compressed.photo.goodreads.com/books/1416448131l/11166.jpg,"Elisha is a young Jewish man, a Holocaust survivor, and an Israeli freedom fighter in British-controlled Palestine; John Dawson is the captured English officer he will murder at dawn in retribution for the British execution of a fellow freedom fighter. The night-long wait for morning and death provides Dawn, Elie Wiesel's ever more timely novel, with its harrowingly taut, hour-by-hour narrative. Caught between the manifold horrors of the past and the troubling dilemmas of the present, Elisha wrestles with guilt, ghosts, and ultimately God as he waits for the appointed hour and his act of assassination.",,The Night Trilogy,2
160,9780809023097,Day,"Elie Wiesel, Anne Borchardt (Translation)",Fiction,16.99,16,Active,https://i.gr-assets.com/images/S/compressed.photo.goodreads.com/books/1422507794l/11168.jpg,"After surviving the Holocaust, a successful journalist steps from a New York City curb into the path of a taxi. This novel concludes Elie Wiesel's trilogy with questions about survival, memory, and life after catastrophe.",,The Night Trilogy,3
161,9780439244190,Holes,Louis Sachar,Young Adult,10.99,17,Active,https://i.gr-assets.com/images/S/compressed.photo.goodreads.com/books/1603402798l/38709._SX318_.jpg,"Stanley Yelnats is under a curse. A curse that began with his no-good-dirty-rotten-pig-stealing-great-great-grandfather and has since followed generations of Yelnats. Now Stanley has been unjustly sent to a boys' detention center, Camp Green Lake, where the boys build character by spending all day, every day digging holes exactly five feet wide and five feet deep. There is no lake at Camp Green Lake. But there are an awful lot of holes. It doesn't take long for Stanley to realize there's more than character improvement going on at Camp Green Lake. The boys are digging holes because the warden is looking for something.",,Holes,1
162,9780385733144,Small Steps,Louis Sachar,Young Adult,10.99,24,Active,https://i.gr-assets.com/images/S/compressed.photo.goodreads.com/books/1390281380l/38703.jpg,"Two years after being released from Camp Green Lake, Armpit is home in Austin, Texas, trying to turn his life around. But it's hard when you have a record, and everyone expects the worst from you. The only person who believes in him is Ginny, his 10-year old disabled neighbor. Together, they are learning to take small steps. And he seems to be on the right path, until X-Ray, a buddy from Camp Green Lake, comes up with a get-rich-quick scheme. This leads to a chance encounter with teen pop sensation, Kaira DeLeon, and suddenly his life spins out of control, with only one thing for certain. He'll never be the same again.",,Holes,2
163,9780141442464,The Picture of Dorian Gray,Oscar Wilde,Classics,9.99,19,Active,https://i.gr-assets.com/images/S/compressed.photo.goodreads.com/books/1546103428l/5297.jpg,"Written in his distinctively dazzling manner, Oscar Wilde's story of a fashionable young man who sells his soul for eternal youth and beauty is the author's most popular work. The tale of Dorian Gray's moral disintegration caused a scandal when it first appeared in 1890, but though Wilde was attacked for the novel's corrupting influence, he responded that there is, in fact, ""a terrible moral in Dorian Gray."" Just a few years later, the book and the aesthetic/moral dilemma it presented became issues in the trials occasioned by Wilde's homosexual liaisons, which resulted in his imprisonment.",,,
164,9780451531018,Sense and Sensibility,"Jane Austen, Ros Ballaster (Introduction/Editor)",Classics,9.99,15,Active,https://i.gr-assets.com/images/S/compressed.photo.goodreads.com/books/1397245675l/14935._SY475_.jpg,"Marianne Dashwood wears her heart on her sleeve, and when she falls in love with the dashing but unsuitable John Willoughby she ignores her sister Elinor's warning that her impulsive behaviour leaves her open to gossip and innuendo. Meanwhile Elinor, always sensitive to social convention, is struggling to conceal her own romantic disappointment, even from those closest to her.",,,
165,9781451648539,Steve Jobs,Walter Isaacson,Memoir & Biography,10.99,17,Active,https://i.gr-assets.com/images/S/compressed.photo.goodreads.com/books/1511288482l/11084145._SY475_.jpg,"Walter Isaacson explores the life and intense personality of Apple cofounder Steve Jobs, drawing on interviews with Jobs and more than 100 family members, friends, colleagues, and rivals. The biography examines his drive for perfection and his influence on computing, animated films, music, phones, and digital publishing.",,,
166,9780393970128,Dracula,Bram Stoker,Classics,8.99,24,Active,https://i.gr-assets.com/images/S/compressed.photo.goodreads.com/books/1387151694l/17245.jpg,"Jonathan Harker travels to Transylvania to help Count Dracula purchase a house in London, only to uncover terrifying secrets in his client's castle. When strange events begin unfolding in England, a group of allies confronts an ancient vampire and the danger he brings with him.",,Dracula,1
167,9798217040933,The Outsiders,S.E. Hinton,Classics,10.99,17,Active,https://i.gr-assets.com/images/S/compressed.photo.goodreads.com/books/1442129426l/231804.jpg,"The Outsiders is about two weeks in the life of a 14-year-old boy. The novel tells the story of Ponyboy Curtis and his struggles with right and wrong in a society in which he believes that he is an outsider. According to Ponyboy, there are two kinds of people in the world: greasers and socs. A soc (short for ""social"") has money, can get away with just about anything, and has an attitude longer than a limousine. A greaser, on the other hand, always lives on the outside and needs to watch his back.",,,
168,9780142414934,Paper Towns,John Green,Young Adult,13.99,14,Active,https://i.gr-assets.com/images/S/compressed.photo.goodreads.com/books/1349013610l/6442769.jpg,"Who is the real Margo? Quentin Jacobsen has spent a lifetime loving the magnificently adventurous Margo Roth Spiegelman from afar. So when she cracks open a window and climbs into his life - dressed like a ninja and summoning him for an ingenious campaign of revenge - he follows. After their all-nighter ends, and a new day breaks, Q arrives at school to discover that Margo, always an enigma, has now become a mystery. But Q soon learns that there are clues - and they're for him. Urged down a disconnected path, the closer he gets, the less Q sees the girl he thought he knew...",,,
169,9780060256654,The Giving Tree,Shel Silverstein,Children's,10.99,25,Active,https://i.gr-assets.com/images/S/compressed.photo.goodreads.com/books/1174210942l/370493._SX318_.jpg,"A tree loves a little boy who visits to eat her apples, swing from her branches, and slide down her trunk. As the boy grows older, he asks for more, and the tree keeps giving. Shel Silverstein's story explores love and giving with tenderness and sadness.",,,
170,9780743247542,The Glass Castle,Jeannette Walls,Memoir & Biography,13.99,15,Active,https://i.gr-assets.com/images/S/compressed.photo.goodreads.com/books/1523542886l/7445._SY475_.jpg,"A tender, moving tale of unconditional love in a family that, despite its profound flaws, gave the author the fiery determination to carve out a successful life on her own terms. Jeannette Walls grew up with parents whose ideals and stubborn nonconformity were both their curse and their salvation. Rex and Rose Mary Walls had four children. In the beginning, they lived like nomads, moving among Southwest desert towns, camping in the mountains. Rex was a charismatic, brilliant man who, when sober, captured his children's imagination, teaching them physics, geology, and above all, how to embrace life fearlessly.",,,
171,9780316068048,The Host,Stephenie Meyer,Young Adult,16.99,1,Active,https://i.gr-assets.com/images/S/compressed.photo.goodreads.com/books/1318009171l/1656001.jpg,"Melanie Stryder refuses to fade away. The earth has been invaded by a species that take over the minds of human hosts while leaving their bodies intact. Wanderer, the invading ""soul"" who has been given Melanie's body, didn't expect to find its former tenant refusing to relinquish possession of her mind. As Melanie fills Wanderer's thoughts with visions of Jared, a human who still lives in hiding, Wanderer begins to yearn for a man she's never met. Reluctant allies, Wanderer and Melanie set off to search for the man they both love.",,The Host,1
172,9780062351203,The Queen,Kiera Cass,Young Adult,13.99,29,Active,https://i.gr-assets.com/images/S/compressed.photo.goodreads.com/books/1399581012l/22054340.jpg,"Before America Singer's Selection, an ordinary girl named Amberly came to the palace to compete for a prince's hand. Told from the perspective of Prince Maxon's mother, this prequel novella reveals how his parents met and how Amberly became queen.",,The Selection,0.4
173,9780062248169,The Prince,Kiera Cass,Young Adult,13.99,19,Active,https://i.gr-assets.com/images/S/compressed.photo.goodreads.com/books/1354127071l/15820748.jpg,"Before the Selection and before America Singer entered his life, Prince Maxon had another girl in his story. This prequel novella offers a glimpse of his life before the competition begins.",,The Selection,0.5
174,9780062059932,The Selection,Kiera Cass,Young Adult,11.99,2,Active,https://i.gr-assets.com/images/S/compressed.photo.goodreads.com/books/1322103400l/10507293.jpg,"For thirty-five girls, the Selection is the chance of a lifetime. The opportunity to escape the life laid out for them since birth. To be swept up in a world of glittering gowns and priceless jewels. To live in a palace and compete for the heart of gorgeous Prince Maxon. But for America Singer, being Selected is a nightmare. It means turning her back on her secret love with Aspen, who is a caste below her. Leaving her home to enter a fierce competition for a crown she doesn't want. Living in a palace that is constantly threatened by violent rebel attacks. Then America meets Prince Maxon.",,The Selection,1
175,9780062059963,The Elite,Kiera Cass,Young Adult,12.99,28,Active,https://i.gr-assets.com/images/S/compressed.photo.goodreads.com/books/1391454595l/16248068.jpg,"The Selection began with thirty-five girls. Now with the group narrowed down to the six Elite, the competition to win Prince Maxon's heart is fiercer than ever - and America is still struggling to decide where her heart truly lies. Is it with Maxon, who could make her life a fairy tale? Or with her first love, Aspen? America is desperate for more time. But the rest of the Elite know exactly what they want - and America's chance to choose is about to slip away.",,The Selection,2
176,9780062317148,The Guard,Kiera Cass,Young Adult,16.99,28,Active,https://i.gr-assets.com/images/S/compressed.photo.goodreads.com/books/1380307008l/18170039.jpg,"Told from Aspen Leger's point of view, this Selection novella begins after the group of contestants is narrowed down to the Elite. It revisits America Singer's first love and his place in the world of the palace.",,The Selection,2.5
177,9780062351210,The Favorite,Kiera Cass,Young Adult,10.99,18,Active,https://i.gr-assets.com/images/S/compressed.photo.goodreads.com/books/1442518095l/22917292._SY475_.jpg,"Told from Marlee's point of view, this Selection novella returns to the Halloween when she and Carter were discovered. It reveals how that night and Prince Maxon changed their lives forever.",,The Selection,2.6
178,9780062059994,The One,Kiera Cass,Young Adult,8.99,25,Active,https://i.gr-assets.com/images/S/compressed.photo.goodreads.com/books/1395612906l/18635016.jpg,"The time has come for one winner to be crowned. When she was chosen to compete in the Selection, America never dreamed she would find herself anywhere close to the crown - or to Prince Maxon's heart. But as the end of the competition approaches, and the threats outside the palace walls grow more vicious, America realizes just how much she stands to lose - and how hard she'll have to fight for the future she wants.",,The Selection,3
179,9780062349866,The Heir,Kiera Cass,Young Adult,12.99,4,Active,https://i.gr-assets.com/images/S/compressed.photo.goodreads.com/books/1422993526l/22918050.jpg,"Princess Eadlyn has grown up hearing endless stories about how her mother and father met. Twenty years ago, America Singer entered the Selection and won the heart of Prince Maxon - and they lived happily ever after. Eadlyn has always found their fairy-tale story romantic, but she has no interest in trying to repeat it. If it were up to her, she'd put off marriage for as long as possible. But a princess's life is never entirely her own, and Eadlyn can't escape her very own Selection - no matter how fervently she protests. Eadlyn doesn't expect her story to end in romance.",,The Selection,4
180,9780062392176,The Crown,Kiera Cass,Young Adult,11.99,30,Active,https://i.gr-assets.com/images/S/compressed.photo.goodreads.com/books/1446759650l/26074181.jpg,"When Eadlyn became the first princess of Illéa to hold her own Selection, she didn't think she would fall in love with any of her thirty-five suitors. She spent the first few weeks of the competition counting down the days until she could send them all home. But as events at the palace force Eadlyn even further into the spotlight, she realizes that she might not be content remaining alone. Eadlyn still isn't sure she'll find the fairytale ending her parents did twenty years ago. But sometimes the heart has a way of surprising you... and soon Eadlyn must make a choice that feels more impossible - and more important - than she ever imagined.",,The Selection,5
181,9780517189603,The Secret Garden,Frances Hodgson Burnett,Classics,7.99,29,Active,https://i.gr-assets.com/images/S/compressed.photo.goodreads.com/books/1327873635l/2998.jpg,"The story follows Mary Lennox, a young English girl who returns to England from India, having suffered the immense trauma by losing both her parents in a cholera epidemic. However, her memories of her parents are not pleasant, as they were a selfish, neglectful and pleasure-seeking couple.",,,
182,9780140280098,Bridget Jones's Diary,"Helen Fielding, Хелен Филдинг",Fiction,8.99,27,Active,https://i.gr-assets.com/images/S/compressed.photo.goodreads.com/books/1558869586l/227443._SY475_.jpg,"Bridget Jones, a thirty-something single woman, records her efforts to lose weight, stop smoking, develop inner poise, and make sense of her life. Her diary turns everyday anxieties, ambitious resolutions, and romantic hopes into a comic portrait of adulthood.",,Bridget Jones,1
183,9780140298475,Bridget Jones: The Edge of Reason,Helen Fielding,Romance,12.99,21,Active,https://i.gr-assets.com/images/S/compressed.photo.goodreads.com/books/1395233618l/363752.jpg,"Lurching from the cappuccino bars of Notting Hill to the blissed-out shores of Thailand, Bridget Jones searches for The Truth in spite of pathetically unevolved men, insane dating theories, and Smug Married advice (""'I'm just calling to say in the potty! In the potty! Well, do it in Daddy's hand, then!'""). She experiences a zeitgeist-esque Spiritual Epiphany somewhere between the pages of ""How to Find the Love You Want Without Seeking It"" (""can self-help books really self help? ""), protective custody, and a lightly chilled Chardonnay.",,Bridget Jones,2
184,9780345807953,Mad About the Boy,Helen Fielding,Romance,10.99,20,Active,https://i.gr-assets.com/images/S/compressed.photo.goodreads.com/books/1374883586l/17262155.jpg,"Bridget Jones begins a new chapter as she juggles single parenting, online dating, and the embarrassments of modern technology. Amid school mishaps and romantic confusion, she faces loss and the possibility of finding love and joy again.",,Bridget Jones,3
185,9780385486804,Into the Wild,Jon Krakauer,Memoir & Biography,12.99,31,Active,https://i.gr-assets.com/images/S/compressed.photo.goodreads.com/books/1403173986l/1845.jpg,"In April, 1992, a young man from a well-to-do family hitchhiked to Alaska and walked alone into the wilderness north of Mt. McKinley. His name was Christopher Johnson McCandless. He had given $25,000 in savings to charity, abandoned his car and most of his possessions, burned all the cash in his wallet, and invented a new life for himself. Four months later, a party of moose hunters found his decomposed body. How McCandless came to die is the unforgettable story of Into the Wild.",,,
186,9780143039952,The Odyssey,Homer,Classics,8.99,29,Active,https://i.gr-assets.com/images/S/compressed.photo.goodreads.com/books/1390173285l/1381.jpg,"After the Trojan War, Odysseus faces a long and perilous journey home. Homer's epic follows a resourceful traveler driven off course again and again, exploring endurance, loyalty, and the longing to return.",,,
187,9780307887436,Ready Player One,Ernest Cline,Science Fiction,12.99,27,Active,https://i.gr-assets.com/images/S/compressed.photo.goodreads.com/books/1500930947l/9969571._SY475_.jpg,"In the year 2044, reality is an ugly place. The only time teenage Wade Watts really feels alive is when he's jacked into the virtual utopia known as the OASIS. Wade's devoted his life to studying the puzzles hidden within this world's digital confines, puzzles that are based on their creator's obsession with the pop culture of decades past and that promise massive power and fortune to whoever can unlock them. But when Wade stumbles upon the first clue, he finds himself beset by players willing to kill to take this ultimate prize.",,Ready Player One,1
188,9781250012579,Eleanor & Park,Rainbow Rowell,Young Adult,16.99,18,Active,https://i.gr-assets.com/images/S/compressed.photo.goodreads.com/books/1341952742l/15745753.jpg,"Eleanor is the new girl in town, and with her chaotic family life, her mismatched clothes and unruly red hair, she couldn't stick out more if she tried. Park is the boy at the back of the bus. Black T-shirts, headphones, head in a book - he thinks he's made himself invisible. But not to Eleanor... never to Eleanor. Slowly, steadily, through late-night conversations and an ever-growing stack of mix tapes, Eleanor and Park fall for each other. They fall in love the way you do the first time, when you're young, and you feel as if you have nothing and everything to lose.",,,
189,9780316056892,Bossypants,Tina Fey,Memoir & Biography,12.99,1,Active,https://i.gr-assets.com/images/S/compressed.photo.goodreads.com/books/1481509554l/9418327.jpg,"Before Liz Lemon, before ""Weekend Update,"" before ""Sarah Palin,"" Tina Fey was just a young girl with a dream: a recurring stress dream that she was being chased through a local airport by her middle-school gym teacher. She also had a dream that one day she would be a comedian on TV. She has seen both these dreams come true. At last, Tina Fey's story can be told.",,,
190,9780684830490,The Old Man and the Sea,Ernest Hemingway,Classics,11.99,2,Active,https://i.gr-assets.com/images/S/compressed.photo.goodreads.com/books/1329189714l/2165.jpg,"This short novel, already a modern classic, is the superbly told, tragic story of a Cuban fisherman in the Gulf Stream and the giant Marlin he kills and loses.",,,
191,9780440242949,Outlander,Diana Gabaldon,Historical Fiction,9.99,26,Active,https://i.gr-assets.com/images/S/compressed.photo.goodreads.com/books/1529065012l/10964._SY475_.jpg,"The year is 1945. Claire Randall, a former combat nurse, is just back from the war and reunited with her husband on a second honeymoon when she walks through a standing stone in one of the ancient circles that dot the British Isles. Suddenly she is a Sassenach - an ""outlander"" - in a Scotland torn by war and raiding border clans in the year of Our Lord...1743. Hurled back in time by forces she cannot understand, Claire is catapulted into the intrigues of lairds and spies that may threaten her life, and shatter her heart.",,Outlander,1
192,9780385335973,Dragonfly in Amber,Diana Gabaldon,Historical Fiction,9.99,28,Active,https://i.gr-assets.com/images/S/compressed.photo.goodreads.com/books/1456114344l/5364.jpg,"For twenty years Claire Randall has kept her secrets. But now she is returning with her grown daughter to Scotland's majestic mist-shrouded hills. Here Claire plans to reveal a truth as stunning as the events that gave it birth: about the mystery of an ancient circle of standing stones... about a love that transcends the boundaries of time... and about James Fraser, a Scottish warrior whose gallantry once drew a young Claire from the security of her century to the dangers of his century.",,Outlander,2
193,9780385335997,Voyager,Diana Gabaldon,Historical Fiction,11.99,4,Active,https://i.gr-assets.com/images/S/compressed.photo.goodreads.com/books/1483278195l/10987._SY475_.jpg,"Their passionate encounter happened long ago by whatever measurement Claire Randall took. Two decades before, she had traveled back in time and into the arms of a gallant eighteenth-century Scot named Jamie Fraser. Then she returned to her own century to bear his child, believing him dead in the tragic battle of Culloden. Yet his memory has never lessened its hold on her... and her body still cries out for him in her dreams. Then Claire discovers that Jamie survived.",,Outlander,3
194,9780525618737,Drums of Autumn,Diana Gabaldon,Historical Fiction,12.99,18,Active,https://i.gr-assets.com/images/S/compressed.photo.goodreads.com/books/1536699977l/40909452.jpg,"What if you knew someone you loved was going to die? What if you thought you could save them? How much would you risk to try? Claire Randall has gone to find Jamie Fraser, the man she loved more than life, and has left half her heart behind with their daughter, Brianna.",,Outlander,4
195,9780440221661,The Fiery Cross,Diana Gabaldon,Historical Fiction,11.99,24,Active,https://i.gr-assets.com/images/S/compressed.photo.goodreads.com/books/1407366842l/10967.jpg,"The year is 1771, and war is coming. Jamie Fraser's wife tells him so. Little as he wishes to, he must believe it, for hers is a gift of dreadful prophecy - a time-traveler's certain knowledge. Claire's unique view of the future has brought him both danger and deliverance in the past; her knowledge of the oncoming revolution is a flickering torch that may light his way through the perilous years ahead - or ignite a conflagration that will leave their lives in ashes.",,Outlander,5
196,9780385340397,A Breath of Snow and Ashes,Diana Gabaldon,Historical Fiction,14.99,31,Active,https://i.gr-assets.com/images/S/compressed.photo.goodreads.com/books/1388197203l/10965.jpg,"A Breath of Snow and Ashes continues the extraordinary story of 18th-century Scotsman Jamie Fraser and his 20th-century wife, Claire. The year is 1772, and on the eve of the American Revolution, the long fuse of rebellion has already been lit. Men lie dead in the streets of Boston, and in the backwoods of North Carolina, isolated cabins burn in the forest. With chaos brewing, the governor calls upon Jamie Fraser to unite the backcountry and safeguard the colony for King and Crown.",,Outlander,6
197,9780752898476,An Echo in the Bone,Diana Gabaldon,Historical Fiction,10.99,29,Active,https://i.gr-assets.com/images/S/compressed.photo.goodreads.com/books/1370918297l/2832909.jpg,"Jamie and Claire Fraser are caught in the American Revolution, while Brianna and Roger settle with their children in 1970s Scotland. Lord John Grey and William are drawn into the British side of the conflict, and Young Ian faces troubles of his own. Their intertwined stories continue the Outlander series across two centuries.",,Outlander,7
198,9780385344432,Written in My Own Heart's Blood,Diana Gabaldon,Historical Fiction,11.99,21,Active,https://i.gr-assets.com/images/S/compressed.photo.goodreads.com/books/1365173799l/11710373.jpg,"It is June 1778, and the world seems to be turning upside-down. The British Army is withdrawing from Philadelphia, with George Washington in pursuit, and for the first time, it looks as if the rebels might actually win. But for Claire Fraser and her family, there are even more tumultuous revolutions that have to be accommodated. Her former husband, Jamie, has returned from the dead, demanding to know why in his absence she married his best friend, Lord John Grey.",,Outlander,8
199,9780312330873,And Then There Were None,Agatha Christie,Mystery,16.99,17,Active,https://i.gr-assets.com/images/S/compressed.photo.goodreads.com/books/1391120695l/16299.jpg,"First, there were ten - a curious assortment of strangers summoned as weekend guests to a little private island off the coast of Devon. Their host, an eccentric millionaire unknown to all of them, is nowhere to be found. All that the guests have in common is a wicked past they're unwilling to reveal - and a secret that will seal their fate. For each has been marked for murder.",,,
200,9780804139021,The Martian,Andy Weir,Science Fiction,9.99,32,Active,https://i.gr-assets.com/images/S/compressed.photo.goodreads.com/books/1413706054l/18007564.jpg,"Six days ago, astronaut Mark Watney became one of the first people to walk on Mars. Now, he's sure he'll be the first person to die there. After a dust storm nearly kills him and forces his crew to evacuate while thinking him dead, Mark finds himself stranded and completely alone with no way to even signal Earth that he's alive - and even if he could get word out, his supplies would be gone long before a rescue could arrive. Chances are, though, he won't have time to starve to death. The damaged machinery, unforgiving environment, or plain-old ""human error"" are much more likely to kill him first. But Mark isn't ready to give up yet.",,The Martian,1
201,9780099408390,Where the Wild Things Are,Maurice Sendak,Children's,7.99,29,Active,https://i.gr-assets.com/images/S/compressed.photo.goodreads.com/books/1384434560l/19543.jpg,"Max, a wild and naughty boy, is sent to bed without his supper by his exhausted mother. In his room, he imagines sailing far away to a land of Wild Things. Instead of eating him, the Wild Things make Max their king.",,,
202,9780141439600,A Tale of Two Cities,"Charles Dickens, Richard Maxwell (Editor/Introduction)",Classics,11.99,5,Active,https://i.gr-assets.com/images/S/compressed.photo.goodreads.com/books/1344922523l/1953.jpg,"After eighteen years as a political prisoner in the Bastille, the ageing Doctor Manette is finally released and reunited with his daughter in England. There the lives of two very different men, Charles Darnay, an exiled French aristocrat, and Sydney Carton, a disreputable but brilliant English lawyer, become enmeshed through their love for Lucie Manette. From the tranquil roads of London, they are drawn against their will to the vengeful, bloodstained streets of Paris at the height of the Reign of Terror, and they soon fall under the lethal shadow of La Guillotine.",,,
203,9780394588162,Jurassic Park,Michael Crichton,Science Fiction,16.99,20,Active,https://i.gr-assets.com/images/S/compressed.photo.goodreads.com/books/1529604411l/40604658._SY475_.jpg,"An astonishing technique for recovering and cloning dinosaur DNA has been discovered. Now humankind's most thrilling fantasies have come true. Creatures extinct for eons roam Jurassic Park with their awesome presence and profound mystery, and all the world can visit them - for a price. Until something goes wrong... In Jurassic Park, Michael Crichton taps all his mesmerizing talent and scientific brilliance to create his most electrifying technothriller.",,Jurassic Park,1
204,9780752224411,The Lost World,Michael Crichton,Fiction,16.99,29,Active,https://i.gr-assets.com/images/S/compressed.photo.goodreads.com/books/1386864575l/8650.jpg,"It is now six years since the secret disaster at Jurassic Park, six years since the extraordinary dream of science and imagination came to a crashing end - the dinosaurs destroyed, the park dismantled, the island indefinitely closed to the public. There are rumors that something has survived...",,Jurassic Park,2
205,9780450411434,It,Stephen King,Horror,10.99,5,Active,https://i.gr-assets.com/images/S/compressed.photo.goodreads.com/books/1334416842l/830502.jpg,"Welcome to Derry, Maine... It's a small city, a place as hauntingly familiar as your own hometown. Only in Derry the haunting is real... They were seven teenagers when they first stumbled upon the horror. Now they are grown-up men and women who have gone out into the big world to gain success and happiness. But none of them can withstand the force that has drawn them back to Derry to face the nightmare without an end, and the evil without a name.",,,
206,9780399590504,Educated,Tara Westover,Memoir & Biography,14.99,15,Active,https://i.gr-assets.com/images/S/compressed.photo.goodreads.com/books/1506026635l/35133922.jpg,"Tara Westover was 17 the first time she set foot in a classroom. Born to survivalists in the mountains of Idaho, she prepared for the end of the world by stockpiling home-canned peaches and sleeping with her ""head-for-the-hills bag"". In the summer she stewed herbs for her mother, a midwife and healer, and in the winter she salvaged in her father's junkyard. Her father forbade hospitals, so Tara never saw a doctor or nurse. Gashes and concussions, even burns from explosions, were all treated at home with herbalism.",,,
207,9780307275554,The Devil Wears Prada,Lauren Weisberger,Romance,13.99,32,Active,https://i.gr-assets.com/images/S/compressed.photo.goodreads.com/books/1388179604l/5139.jpg,"A delightfully dishy novel about the all-time most impossible boss in the history of impossible bosses. Andrea Sachs, a small-town girl fresh out of college, lands the job ""a million girls would die for."" Hired as the assistant to Miranda Priestly, the high-profile, fabulously successful editor of ""Runway ""magazine, Andrea finds herself in an office that shouts ""Prada! Armani! Versace! "" at every turn, a world populated by impossibly thin, heart-wrenchingly stylish women and beautiful men clad in fine-ribbed turtlenecks and tight leather pants that show off their lifelong dedication to the gym.",,The Devil Wears Prada,1
208,9781439136645,Revenge Wears Prada,Lauren Weisberger,Fiction,8.99,30,Active,https://covers.openlibrary.org/b/isbn/9781439136645-L.jpg,"Years after leaving Runway, Andy Sachs has built a successful bridal magazine, only to find Miranda Priestly and the world she escaped pushing back into her life.",,The Devil Wears Prada,2
209,9781476778440,When Life Gives You Lululemons,Lauren Weisberger,Fiction,10.99,22,Active,https://i.gr-assets.com/images/S/compressed.photo.goodreads.com/books/1513618509l/36373647._SY475_.jpg,"Emily Charlton, Miranda Priestly's former assistant, is now a successful image consultant with an important new client. Life in Greenwich, Connecticut, brings manicured lawns, gossip, and suburban expectations that are far outside Emily's comfort zone.",,The Devil Wears Prada,3
210,9780751529814,Tuesdays with Morrie,Mitch Albom,Memoir & Biography,12.99,29,Active,https://i.gr-assets.com/images/S/compressed.photo.goodreads.com/books/1423763749l/6900.jpg,"Maybe it was a grandparent, or a teacher or a colleague. Someone older, patient and wise, who understood you when you were young and searching, and gave you sound advice to help you make your way through it. For Mitch Albom, that person was Morrie Schwartz, his college professor from nearly twenty years ago. Maybe, like Mitch, you lost track of this mentor as you made your way, and the insights faded. Wouldn't you like to see that person again, ask the bigger questions that still haunt you? Mitch Albom had that second chance. He rediscovered Morrie in the last months of the older man's life.",,,
211,9780345418265,The Princess Bride,William Goldman,Fantasy,16.99,30,Active,https://i.gr-assets.com/images/S/compressed.photo.goodreads.com/books/1327903636l/21787.jpg,"What happens when the most beautiful girl in the world marries the handsomest prince of all time and he turns out to be... well... a lot less than the man of her dreams? As a boy, William Goldman claims, he loved to hear his father read the S. Morgenstern classic, The Princess Bride. But as a grown-up he discovered that the boring parts were left out of good old Dad's recitation, and only the ""good parts"" reached his ears. Now Goldman does Dad one better. He's reconstructed the ""Good Parts Version"" to delight wise kids and wide-eyed grownups everywhere. What's it about? Fencing. Fighting. True Love. Strong Hate. Harsh Revenge. A Few Giants.",,,
212,9781400064168,"Unbroken: A World War II Story of Survival, Resilience and Redemption",Laura Hillenbrand,Memoir & Biography,13.99,31,Active,https://i.gr-assets.com/images/S/compressed.photo.goodreads.com/books/1327861115l/8664353.jpg,"On a May afternoon in 1943, an Army Air Forces bomber crashed into the Pacific Ocean and disappeared, leaving only a spray of debris and a slick of oil, gasoline, and blood. Then, on the ocean surface, a face appeared. It was that of a young lieutenant, the plane's bombardier, who was struggling to a life raft and pulling himself aboard.",,,
213,9780593099322,Dune,Frank Herbert,Science Fiction,13.99,21,Active,https://i.gr-assets.com/images/S/compressed.photo.goodreads.com/books/1555447414l/44767458.jpg,"Set on the desert planet Arrakis, Dune is the story of the boy Paul Atreides, heir to a noble family tasked with ruling an inhospitable world where the only thing of value is the ""spice"" melange, a drug capable of extending life and enhancing consciousness. Coveted across the known universe, melange is a prize worth killing for... When House Atreides is betrayed, the destruction of Paul's family will set the boy on a journey toward a destiny greater than he could ever have imagined. And as he evolves into the mysterious man known as Muad'Dib, he will bring to fruition humankind's most ancient and unattainable dream.",,Dune,1
214,9780593098233,Dune Messiah,Frank Herbert,Science Fiction,13.99,4,Active,https://i.gr-assets.com/images/S/compressed.photo.goodreads.com/books/1577043824l/44492285._SY475_.jpg,"Dune Messiah continues the story of Paul Atreides, better known - and feared - as the man christened Muad'Dib. As Emperor of the Known Universe, he possesses more power than a single man was ever meant to wield. Worshipped as a religious icon by the fanatical Fremens, Paul faces the enmity of the political houses he displaced when he assumed the throne - and a conspiracy conducted within his own sphere of influence.",,Dune,2
215,9780593098240,Children of Dune,Frank Herbert,Science Fiction,14.99,22,Active,https://i.gr-assets.com/images/S/compressed.photo.goodreads.com/books/1391051267l/112.jpg,"The desert planet of Arrakis has begun to grow green and lush. The life-giving spice is abundant. The nine-year-old royal twins, possesing their father's supernatural powers, are being groomed as Messiahs. But there are those who think the Imperium does not need messiahs...",,Dune,3
216,9780593098257,God Emperor of Dune,Frank Herbert,Science Fiction,8.99,15,Active,https://i.gr-assets.com/images/S/compressed.photo.goodreads.com/books/1564025916l/44439415._SY475_.jpg,"Millennia have passed on Arrakis, and the once-desert planet is green with life. Leto Atreides, the son of the world's savior, the Emperor Paul Muad'Dib, is still alive but far from human. To preserve humanity's future, he sacrificed his own by merging with a sandworm, granting him near immortality as God Emperor of Dune for the past thirty-five hundred years. Leto's rule is not a benevolent one. His transformation has made not only his appearance but his morality inhuman.",,Dune,4
217,9780441328000,Heretics of Dune,Frank Herbert,Science Fiction,11.99,14,Active,https://i.gr-assets.com/images/S/compressed.photo.goodreads.com/books/1388186151l/117.jpg,"Arrakis, now called Rakis, is becoming a desert again. The Lost Ones return from the far reaches of space, the great sandworms are dying, and the descendants of Dune's people awaken from empire to confront a new heresy.",,Dune,5
218,9780441102679,Chapterhouse: Dune,Frank Herbert,Science Fiction,12.99,25,Active,https://i.gr-assets.com/images/S/compressed.photo.goodreads.com/books/1559833930l/105._SY475_.jpg,"The desert planet Arrakis, called Dune, has been destroyed. Now, the Bene Gesserit, heirs to Dune's power, have colonized a green world - and are turning it into a desert, mile by scorched mile. Here is the last book Frank Herbert wrote before his death. A stunning climax to the epic Dune legend that will live on forever...",,Dune,6
219,9780765312921,Hunters of Dune,"Brian Herbert, Kevin J. Anderson",Science Fiction,12.99,23,Active,https://i.gr-assets.com/images/S/compressed.photo.goodreads.com/books/1429681489l/20249.jpg,"After the events of Chapterhouse: Dune, Duncan Idaho, Sheeana, and a crew of refugees escape into an uncharted galaxy. Their flight from the Honored Matres carries the Dune story forward as dangers from the wider universe close in.",,Dune,7
220,9780765312938,Sandworms of Dune,"Brian Herbert, Kevin J. Anderson",Science Fiction,13.99,4,Active,https://i.gr-assets.com/images/S/compressed.photo.goodreads.com/books/1442092604l/42434._SY475_.jpg,"At the end of Frank Herbert's final novel, Chapterhouse: Dune, a ship carrying a crew of refugees escapes into the uncharted galaxy, fleeing from a terrifying, mysterious Enemy. The fugitives used genetic technology to revive key figures from Dune's past - including Paul Muad'Dib and Lady Jessica - to use their special talents to meet the challenges thrown at them.",,Dune,8
221,9780063081918,American Gods,Neil Gaiman,Fantasy,11.99,11,Active,https://i.gr-assets.com/images/S/compressed.photo.goodreads.com/books/1462924585l/30165203.jpg,"Days before his release from prison, Shadow's wife, Laura, dies in a mysterious car crash. Numbly, he makes his way back home. On the plane, he encounters the enigmatic Mr Wednesday, who claims to be a refugee from a distant war, a former god and the king of America. Together they embark on a profoundly strange journey across the heart of the USA, whilst all around them a storm of preternatural and epic proportions threatens to break. Scary, gripping and deeply unsettling, American Gods takes a long, hard look into the soul of America. You'll be surprised by what - and who - it finds there...",,American Gods,1
222,9780060515195,Anansi Boys,Neil Gaiman,Fantasy,12.99,20,Active,https://i.gr-assets.com/images/S/compressed.photo.goodreads.com/books/1479778049l/2744._SY475_.jpg,God is dead. Meet the kids. Fat Charlie Nancy's normal life ended the moment his father dropped dead on a Florida karaoke stage. Charlie didn't know his dad was a god. And he never knew he had a brother. Now brother Spider's on his doorstep - about to make Fat Charlie's life more interesting... and a lot more dangerous.,,American Gods,2
223,9780060883287,One Hundred Years of Solitude,Gabriel García Márquez,Fiction,14.99,13,Active,https://i.gr-assets.com/images/S/compressed.photo.goodreads.com/books/1327881361l/320.jpg,The story of the Buendia family explores the tension between the desire for solitude and the need for love. Gabriel Garcia Marquez blends family history and imaginative storytelling in a novel associated with magical realism.,,,
224,9780670016907,The Grapes of Wrath,John Steinbeck,Classics,11.99,20,Active,https://i.gr-assets.com/images/S/compressed.photo.goodreads.com/books/1375670575l/18114322.jpg,"During the Dust Bowl and the Great Depression, the Joad family is driven from its Oklahoma homestead and travels west toward California. John Steinbeck follows their migration in a story of displacement, hardship, and hope.",,,
225,9780399587191,Big Little Lies,Liane Moriarty,Fiction,8.99,19,Active,https://i.gr-assets.com/images/S/compressed.photo.goodreads.com/books/1559835163l/33516773._SY475_.jpg,"A murder... A tragic accident... Or just parents behaving badly? What's indisputable is that someone is dead. Madeline is a force to be reckoned with. She's funny, biting, and passionate; she remembers everything and forgives no one. Celeste is the kind of beautiful woman who makes the world stop and stare but she is paying a price for the illusion of perfection. New to town, single mom Jane is so young that another mother mistakes her for a nanny.",,,
226,9780140449266,The Count of Monte Cristo,Alexandre Dumas,Classics,8.99,8,Active,https://i.gr-assets.com/images/S/compressed.photo.goodreads.com/books/1309203605l/7126.jpg,"Thrown in prison for a crime he has not committed, Edmond Dantes is confined to the grim fortress of If. There he learns of a great hoard of treasure hidden on the Isle of Monte Cristo and he becomes determined not only to escape, but also to unearth the treasure and use it to plot the destruction of the three men responsible for his incarceration. Dumas' epic tale of suffering and retribution, inspired by a real-life case of wrongful imprisonment, was a huge popular success when it was first serialized in the 1840s.",,,
227,9780375869020,Wonder,R.J. Palacio,Young Adult,10.99,14,Active,https://i.gr-assets.com/images/S/compressed.photo.goodreads.com/books/1545695751l/11387515.jpg,"I won't describe what I look like. Whatever you're thinking, it's probably worse. August Pullman was born with a facial difference that, up until now, has prevented him from going to a mainstream school. Starting 5th grade at Beecher Prep, he wants nothing more than to be treated as an ordinary kid - but his new classmates can't get past Auggie's extraordinary face. Wonder, begins from Auggie's point of view, but soon switches to include his classmates, his sister, her boyfriend, and others.",,Wonder,1
228,9780521618748,Hamlet,William Shakespeare,Classics,7.99,21,Active,https://i.gr-assets.com/images/S/compressed.photo.goodreads.com/books/1351051208l/1420.jpg,"Hamlet, Prince of Denmark, learns that his father was murdered by his uncle Claudius, who now occupies the throne. Torn between grief, uncertainty, and a desire for revenge, Hamlet struggles to act in a court shaped by betrayal and suspicion.",,,
229,9780399154683,Before Green Gables,Budge Wilson,Fiction,13.99,12,Active,https://i.gr-assets.com/images/S/compressed.photo.goodreads.com/books/1348232257l/1137151.jpg,"Before Green Gables is the story of Anne Shirley's life before her arrival at Green Gables-a heartwarming tale of a precocious child whose lively imagination and relentless spirit help her to overcome difficult circumstances and of a young girl's ability to love, learn, and above all, dream.",,Anne of Green Gables,0.5
230,9780451528827,Anne of Green Gables,L.M. Montgomery,Classics,7.99,24,Active,https://i.gr-assets.com/images/S/compressed.photo.goodreads.com/books/1390789015l/8127.jpg,"As soon as Anne Shirley arrives at the snug white farmhouse called Green Gables, she is sure she wants to stay forever... but will the Cuthberts send her back to to the orphanage? Anne knows she's not what they expected - a skinny girl with fiery red hair and a temper to match. If only she can convince them to let her stay, she'll try very hard not to keep rushing headlong into scrapes and blurting out the first thing that comes to her mind. Anne is not like anyone else, the Cuthberts agree; she is special - a girl with an enormous imagination. This orphan girl dreams of the day when she can call herself Anne of Green Gables.",,Anne of Green Gables,1
231,9780553213140,Anne of Avonlea,L.M. Montgomery,Classics,10.99,12,Active,https://i.gr-assets.com/images/S/compressed.photo.goodreads.com/books/1305545757l/77390.jpg,"At sixteen, Anne is grown up... almost. Her gray eyes shine like evening stars, but her red hair is still as peppery as her temper. In the years since she arrived at Green Gables as a freckle-faced orphan, she has earned the love of the people of Avonlea and a reputation for getting into scrapes. But when Anne begins her job as the new schoolteacher, the real test of her character begins. Along with teaching the three Rs, she is learning how complicated life can be when she meddles in someone else's romance, finds two new orphans at Green Gables, and wonders about the strange behaviour of the very handsome Gilbert Blythe.",,Anne of Green Gables,2
232,9780553213171,Anne of the Island,L.M. Montgomery,Classics,11.99,8,Active,https://i.gr-assets.com/images/S/compressed.photo.goodreads.com/books/1435829564l/77392._SY475_.jpg,"New adventures lie ahead as Anne Shirley packs her bags, waves good-bye to childhood, and heads for Redmond College. With her old friend Prissy Grant waiting in the bustling city of Kingsport and her frivolous new friend Philippa Gordon at her side, Anne tucks her memories of rural Avonlea away and discovers life on her own terms, filled with surprises... including a marriage proposal from the worst fellow imaginable, the sale of her very first story, and a tragedy that teaches her a painful lesson. But tears turn to laughter when Anne and her friends move into an old cottage and an ornery black cat steals her heart.",,Anne of Green Gables,3
233,9780808516965,Anne of Windy Poplars,L.M. Montgomery,Classics,8.99,20,Active,https://i.gr-assets.com/images/S/compressed.photo.goodreads.com/books/1348613064l/65840.jpg,"Anne Shirley has left Redmond College behind to begin a new job and a new chapter of her life away from Green Gables. Now she faces a new challenge: the Pringles. They're known as the royal family of Summerside - and they quickly let Anne know she is not the person they had wanted as principal of Summerside High School. But as she settles into the cozy tower room at Windy Poplars, Anne finds she has great allies in the widows Aunt Kate and Aunt Chatty - and in their irrepressible housekeeper, Rebecca Dew. As Anne learns Summerside's strangest secrets, winning the support of the prickly Pringles becomes only the first of her delicious triumphs.",,Anne of Green Gables,4
234,9780553213188,Anne's House of Dreams,L.M. Montgomery,Classics,10.99,11,Active,https://i.gr-assets.com/images/S/compressed.photo.goodreads.com/books/1442471048l/77394._SY475_.jpg,"Anne's own true love, Gilbert Blythe, is finally a doctor, and in the sunshine of the old orchard, among their dearest friends, they are about to speak their vows. Soon the happy couple will be bound for a new life together and their own dream house, on the misty purple shores of Four Winds Harbor. A new life means fresh problems to solve, fresh surprises.",,Anne of Green Gables,5
235,9780553213157,Anne of Ingleside,L.M. Montgomery,Classics,8.99,24,Active,https://i.gr-assets.com/images/S/compressed.photo.goodreads.com/books/1285712495l/77391.jpg,"Anne is the mother of five, with never a dull moment in her lively home. And now, with a new baby on the way and insufferable Aunt Mary Maria visiting - and wearing out her welcome - Anne's life is full to bursting. Still, Mrs. Doctor can't think of any place she'd rather be than her own beloved Ingleside. Until the day she begins to worry that her adored Gilbert doesn't love her anymore. How could that be? She may be a little older, but she's still the same irrepressible, irreplaceable redhead - the wonderful Anne of Green Gables, all grown up. She's ready to make her cherished husband fall in love with her all over again!",,Anne of Green Gables,6
236,9780553269215,Rainbow Valley,L.M. Montgomery,Classics,9.99,22,Active,https://i.gr-assets.com/images/S/compressed.photo.goodreads.com/books/1403192556l/77395.jpg,"Anne Shirley is grown up, has married her beloved Gilbert, and is the mother of six mischievous children. These boys and girls discover a special place all their own, but they never dream of what will happen when a strange family moves into an old mansion nearby. The Meredith clan is two boys and two girls - and a runaway named Mary Vance. Soon the Merediths join Anne's children in their private hideout, intent on carrying out their plans to save Mary from the orphanage, to help the lonely minister find happiness, and to keep a pet rooster from the soup pot. There's always an adventure brewing in the sun-dappled world of Rainbow Valley.",,Anne of Green Gables,7
237,9780553269222,Rilla of Ingleside,L.M. Montgomery,Classics,11.99,14,Active,https://i.gr-assets.com/images/S/compressed.photo.goodreads.com/books/1285712722l/433533.jpg,"Anne's children are almost grown up, except for pretty, high-spirited Rilla. No one can resist her bright hazel eyes and dazzling smile. Rilla, almost fifteen, can't think any further ahead than going to her very first dance at the Four Winds lighthouse and getting her first kiss from handsome Kenneth Ford. But undreamed-of challenges await the irrepressible Rilla when the world of Ingleside is endangered by a far-off war. Her brothers go off to fight, and Rilla brings home an orphaned newborn in a soup tureen. She is swept into a drama that tests her courage and changes her forever.",,Anne of Green Gables,8
238,9780684833392,Catch-22,Joseph Heller,Classics,9.99,10,Active,https://i.gr-assets.com/images/S/compressed.photo.goodreads.com/books/1463157317l/168668.jpg,"The novel is set during World War II, from 1942 to 1944. It mainly follows the life of Captain John Yossarian, a U. S. Army Air Forces B-25 bombardier. Most of the events in the book occur while the fictional 256th Squadron is based on the island of Pianosa, in the Mediterranean Sea, west of Italy. The novel looks into the experiences of Yossarian and the other airmen in the camp, who attempt to maintain their sanity while fulfilling their service requirements so that they may return home.",,Catch-22,1
239,9780316055437,The Goldfinch,Donna Tartt,Fiction,10.99,2,Active,https://i.gr-assets.com/images/S/compressed.photo.goodreads.com/books/1378710146l/17333223.jpg,"It begins with a boy. Theo Decker, a thirteen-year-old New Yorker, miraculously survives an accident that kills his mother. Abandoned by his father, Theo is taken in by the family of a wealthy friend. Bewildered by his strange new home on Park Avenue, disturbed by schoolmates who don't know how to talk to him, and tormented above all by his unbearable longing for his mother, he clings to one thing that reminds him of her: a small, mysteriously captivating painting that ultimately draws Theo into the underworld of art.",,,
240,9780307265432,The Road,Cormac McCarthy,Fiction,9.99,15,Active,https://i.gr-assets.com/images/S/compressed.photo.goodreads.com/books/1600241424l/6288.jpg,"A father and his son walk alone through burned America. Nothing moves in the ravaged landscape save the ash on the wind. It is cold enough to crack stones, and when the snow falls it is gray. The sky is dark. Their destination is the coast, although they don't know what, if anything, awaits them there. They have nothing; just a pistol to defend themselves against the lawless bands that stalk the road, the clothes they are wearing, a cart of scavenged food - and each other. The Road is the profoundly moving story of a journey.",,,
241,9780756404079,The Name of the Wind,Patrick Rothfuss,Fantasy,13.99,16,Active,https://i.gr-assets.com/images/S/compressed.photo.goodreads.com/books/1515589515l/186074._SX318_.jpg,"Told in Kvothe's own voice, this is the tale of the magically gifted young man who grows to be the most notorious wizard his world has ever seen. The intimate narrative of his childhood in a troupe of traveling players, his years spent as a near-feral orphan in a crime-ridden city, his daringly brazen yet successful bid to enter a legendary school of magic, and his life as a fugitive after the murder of a king form a gripping coming-of-age story unrivaled in recent literature. A high-action story written with a poet's hand, The Name of the Wind is a masterpiece that will transport readers into the body and mind of a wizard.",,The Kingkiller Chronicle,1
242,9780756404734,The Wise Man's Fear,Patrick Rothfuss,Fantasy,14.99,23,Active,https://i.gr-assets.com/images/S/compressed.photo.goodreads.com/books/1452624392l/1215032.jpg,"""There are three things all wise men fear: the sea in storm, a night with no moon, and the anger of a gentle man."" My name is Kvothe. I have stolen princesses back from sleeping barrow kings. I burned down the town of Trebon. I have spent the night with Felurian and left with both my sanity and my life. I was expelled from the University at a younger age than most people are allowed in. I tread paths by moonlight that others fear to speak of during day. I have talked to Gods, loved women, and written songs that make the minstrels weep. You may have heard of me.",,The Kingkiller Chronicle,2
243,9780756410438,The Slow Regard of Silent Things,Patrick Rothfuss,Fantasy,14.99,4,Active,https://i.gr-assets.com/images/S/compressed.photo.goodreads.com/books/1398466695l/21535271.jpg,"Deep below the University, there is a dark place. Few people know of it: a broken web of ancient passageways and abandoned rooms. A young woman lives there, tucked among the sprawling tunnels of the Underthing, snug in the heart of this forgotten place. Her name is Auri, and she is full of mysteries. The Slow Regard of Silent Things is a brief, bittersweet glimpse of Auri's life, a small adventure all her own. At once joyous and haunting, this story offers a chance to see the world through Auri's eyes. And it gives the reader a chance to learn things that only Auri knows...",,The Kingkiller Chronicle,2.5
244,9780316268356,Room,Emma Donoghue,Fiction,8.99,18,Active,https://i.gr-assets.com/images/S/compressed.photo.goodreads.com/books/1472239721l/31685789._SY475_.jpg,"To five-year-old-Jack, Room is the world... Told in the inventive, funny, and poignant voice of Jack, Room is a celebration of resilience - and a powerful story of a mother and son whose love lets them survive the impossible. To five-year-old Jack, Room is the entire world. It is where he was born and grew up; it's where he lives with his Ma as they learn and read and eat and sleep and play. At night, his Ma shuts him safely in the wardrobe, where he is meant to be asleep when Old Nick visits. Room is home to Jack, but to Ma, it is the prison where Old Nick has held her captive for seven years.",,,
245,9780143135166,Little Fires Everywhere,Celeste Ng,Fiction,9.99,13,Active,https://i.gr-assets.com/images/S/compressed.photo.goodreads.com/books/1582774355l/51704136.jpg,"In Shaker Heights, a meticulously planned suburb of Cleveland, the Richardson family's ordered life becomes entangled with an enigmatic mother and daughter. Elena Richardson's belief in following the rules is tested as their lives collide.",,,
246,9780525421030,If I Stay,Gayle Forman,Young Adult,16.99,16,Active,https://i.gr-assets.com/images/S/compressed.photo.goodreads.com/books/1347462970l/4374400.jpg,"Seventeen-year-old Mia is faced with some tough ones: Stay true to her first love - music - even if it means losing her boyfriend and leaving her family and friends behind? Then one February morning Mia goes for a drive with her family, and in an instant, everything changes. Suddenly, all the choices are gone, except one. And it's the only one that matters.",,If I Stay,1
247,9780525422945,Where She Went,Gayle Forman,Young Adult,16.99,24,Active,https://i.gr-assets.com/images/S/compressed.photo.goodreads.com/books/1347810457l/8492825.jpg,"It's been three years since the devastating accident... three years since Mia walked out of Adam's life forever. Now living on opposite coasts, Mia is Juilliard's rising star and Adam is LA tabloid fodder, thanks to his new rock star status and celebrity girlfriend. When Adam gets stuck in New York by himself, chance brings the couple together again, for one last night. As they explore the city that has become Mia's home, Adam and Mia revisit the past and open their hearts to the future - and each other.",,If I Stay,2
248,9780060889579,"SuperFreakonomics: Global Cooling, Patriotic Prostitutes And Why Suicide Bombers Should Buy Life Insurance","Steven D. Levitt, Stephen J. Dubner",Science & Nature,14.99,21,Active,https://i.gr-assets.com/images/S/compressed.photo.goodreads.com/books/1308117804l/6402364.jpg,"Steven D. Levitt and Stephen J. Dubner return to examine unexpected economic questions, from global cooling to the incentives behind unusual human behavior. This sequel to Freakonomics applies an unconventional lens to everyday assumptions.",,Freakonomics,1
249,9780061234002,Freakonomics: A Rogue Economist Explores the Hidden Side of Everything,"Steven D. Levitt, Stephen J. Dubner",Science & Nature,14.99,3,Active,https://i.gr-assets.com/images/S/compressed.photo.goodreads.com/books/1550917827l/1202._SX318_.jpg,"Which is more dangerous, a gun or a swimming pool? What do schoolteachers and sumo wrestlers have in common? Why do drug dealers still live with their moms? How much do parents really matter? What kind of impact did Roe v. Wade have on violent crime? Freakonomics will literally redefine the way we view the modern world. These may not sound like typical questions for an economist to ask. But Steven D. Levitt is not a typical economist. He is a much heralded scholar who studies the stuff and riddles of everyday life - from cheating and crime to sports and child rearing - and whose conclusions regularly turn the conventional wisdom on its head.",,Freakonomics,2
250,9780735220683,Eleanor Oliphant Is Completely Fine,Gail Honeyman,Fiction,8.99,12,Active,https://i.gr-assets.com/images/S/compressed.photo.goodreads.com/books/1493724347l/31434883.jpg,"Eleanor Oliphant struggles with appropriate social skills and tends to say exactly what she's thinking. Nothing is missing in her carefully timetabled life of avoiding unnecessary human contact, where weekends are punctuated by frozen pizza, vodka, and phone chats with Mummy. But everything changes when Eleanor meets Raymond, the bumbling and deeply unhygienic IT guy from her office.",,,
251,9780679720201,The Stranger,Albert Camus,Classics,10.99,24,Active,https://i.gr-assets.com/images/S/compressed.photo.goodreads.com/books/1590930002l/49552._SY475_.jpg,"Through the story of an ordinary man unwittingly drawn into a senseless murder on an Algerian beach, Camus explored what he termed ""the nakedness of man faced with the absurd.""",,,
252,9780142437261,The Scarlet Letter,Nathaniel Hawthorne,Classics,7.99,12,Active,https://i.gr-assets.com/images/S/compressed.photo.goodreads.com/books/1404810944l/12296.jpg,"Nathaniel Hawthorne's THE SCARLET LETTER reaches to our nation's historical and moral roots for the material of great tragedy. Set in an early New England colony, the novel shows the terrible impact a single, passionate act has on the lives of three members of the community: the defiant Hester Prynne; the fiery, tortured Reverend Dimmesdale; and the obsessed, vengeful Chillingworth. With THE SCARLET LETTER, Hawthorne became the first American novelist to forge from our Puritan heritage a universal classic, a masterful exploration of humanity's unending struggle with sin, guilt and pride.",,,
253,9780385338608,A Time to Kill,John Grisham,Fiction,13.99,15,Active,https://i.gr-assets.com/images/S/compressed.photo.goodreads.com/books/1554303029l/32542.jpg,"In this searing courtroom drama, best-selling author John Grisham probes the savage depths of racial violence... as he delivers a compelling tale of uncertain justice in a small southern town... Clanton, Mississippi. The life of a ten-year-old girl is shattered by two drunken and remorseless young men. The mostly white town reacts with shock and horror at the inhuman crime.",,Jake Brigance,1
254,9780312577223,The Nightingale,Kristin Hannah,Historical Fiction,12.99,18,Active,https://i.gr-assets.com/images/S/compressed.photo.goodreads.com/books/1598993363l/21853621._SY475_.jpg,"France, 1939. In the village of Carriveau, Vianne Mauriac says goodbye to her husband as he leaves for the front. When the Nazis invade and a German captain requisitions her home, Vianne and her daughter must find a way to survive under occupation.",,,
255,9780316346627,The Tipping Point: How Little Things Can Make a Big Difference,Malcolm Gladwell,Science & Nature,14.99,19,Active,https://i.gr-assets.com/images/S/compressed.photo.goodreads.com/books/1473396980l/2612._SY475_.jpg,"The tipping point is that magic moment when an idea, trend, or social behavior crosses a threshold, tips, and spreads like wildfire. Just as a single sick person can start an epidemic of the flu, so too can a small but precisely targeted push cause a fashion trend, the popularity of a new product, or a drop in the crime rate. Malcolm Gladwell explores how small changes can transform the way ideas spread.",,,
256,9780385534635,The Night Circus,Erin Morgenstern,Fantasy,14.99,16,Active,https://i.gr-assets.com/images/S/compressed.photo.goodreads.com/books/1387124618l/9361589.jpg,"The circus arrives without warning. No announcements precede it. It is simply there, when yesterday it was not. Within the black-and-white striped canvas tents is an utterly unique experience full of breathtaking amazements. It is called Le Cirque des Rêves, and it is only open at night. But behind the scenes, a fierce competition is underway - a duel between two young magicians, Celia and Marco, who have been trained since childhood expressly for this purpose by their mercurial instructors.",,,
257,9780451525260,Les Misérables,Victor Hugo,Classics,8.99,19,Active,https://i.gr-assets.com/images/S/compressed.photo.goodreads.com/books/1411852091l/24280.jpg,"Introducing one of the most famous characters in literature, Jean Valjean - the noble peasant imprisoned for stealing a loaf of bread - Les Misérables ranks among the greatest novels of all time. In it, Victor Hugo takes readers deep into the Parisian underworld, immerses them in a battle between good and evil, and carries them to the barricades during the uprising of 1832 with a breathtaking realism that is unsurpassed in modern prose.",,,
258,9781466807648,Glitches,Marissa Meyer,Young Adult,14.99,9,Active,https://i.gr-assets.com/images/S/compressed.photo.goodreads.com/books/1377258720l/13254289.jpg,"Cinder, a gifted mechanic, is a cyborg. She's a second-class citizen with a mysterious past, reviled by her stepmother and blamed for her stepsister's illness. In Glitches, a short prequel story to Cinder, we see the results of that illness play out, and the emotional toll that takes on Cinder. Something that may, or may not, be a glitch...",,The Lunar Chronicles,0.5
259,9780312641894,Cinder,Marissa Meyer,Young Adult,11.99,21,Active,https://i.gr-assets.com/images/S/compressed.photo.goodreads.com/books/1507557775l/36381037.jpg,"Humans and androids crowd the raucous streets of New Beijing. A deadly plague ravages the population. From space, a ruthless Lunar people watch, waiting to make their move. No one knows that Earth's fate hinges on one girl... Cinder, a gifted mechanic, is a cyborg. She's a second-class citizen with a mysterious past, reviled by her stepmother and blamed for her stepsister's illness. But when her life becomes intertwined with the handsome Prince Kai's, she suddenly finds herself at the center of an intergalactic struggle, and a forbidden attraction.",,The Lunar Chronicles,1
260,9781466833791,The Queen's Army,Marissa Meyer,Young Adult,14.99,12,Active,https://i.gr-assets.com/images/S/compressed.photo.goodreads.com/books/1349734763l/16075962.jpg,"It is time. The boy must leave his family to serve in the Queen's army. To be chosen is an honor. To decline is impossible. The boy is modified. He is trained for several years, and learns to fight to the death. He proves to the Queen - and to himself - that he is capable of evil. He is just the kind of soldier the Queen wants: the alpha of his pack.",,The Lunar Chronicles,1.5
261,9780312642969,Scarlet,Marissa Meyer,Young Adult,16.99,13,Active,https://i.gr-assets.com/images/S/compressed.photo.goodreads.com/books/1470056982l/13206760._SY475_.jpg,"Cinder's trying to break out of prison - even though if she succeeds, she'll be the Commonwealth's most wanted fugitive. Halfway around the world, Scarlet Benoit's grandmother is missing. It turns out there are many things Scarlet doesn't know about her grandmother and the grave danger she has lived in her whole life. When Scarlet encounters Wolf, a street fighter who may have information as to her grandmother's whereabouts, she has no choice but to trust him, though he clearly has a few dark secrets of his own.",,The Lunar Chronicles,2
262,9780312642976,Cress,Marissa Meyer,Young Adult,14.99,23,Active,https://i.gr-assets.com/images/S/compressed.photo.goodreads.com/books/1470057005l/13206828._SY475_.jpg,"In this third book in the Lunar Chronicles, Cinder and Captain Thorne are fugitives on the run, now with Scarlet and Wolf in tow. Together, they're plotting to overthrow Queen Levana and her army. Their best hope lies with Cress, a girl imprisoned on a satellite since childhood who's only ever had her netscreens as company. All that screen time has made Cress an excellent hacker. Unfortunately, she's just received orders from Levana to track down Cinder and her handsome accomplice. When a daring rescue of Cress goes awry, the group is separated. Cress finally has her freedom, but it comes at a higher price.",,The Lunar Chronicles,3
263,9781250060556,Fairest,Marissa Meyer,Fantasy,12.99,20,Active,https://i.gr-assets.com/images/S/compressed.photo.goodreads.com/books/1460846345l/22489107.jpg,"Queen Levana uses glamour to gain power, but her story began long before she crossed paths with Cinder, Scarlet, and Cress. Set between Cress and Winter, this Lunar Chronicles companion novel explores the ruler's past through love, war, deceit, and death.",,The Lunar Chronicles,3.5
264,9780312642983,Winter,Marissa Meyer,Fantasy,9.99,22,Active,https://i.gr-assets.com/images/S/compressed.photo.goodreads.com/books/1470057036l/13206900._SY475_.jpg,"Princess Winter is admired for her grace, kindness and beauty, despite the scars on her face. She's said to be even more breath-taking than her stepmother, Queen Levana... When Winter develops feelings for the handsome palace guard, Jacin, she fears the evil Queen will crush their romance before it has a chance to begin. But there are stirrings against the Queen across the land. Together with the cyborg mechanic, Cinder, and her allies, Winter might even find the power to launch a revolution and win a war that's been raging for far too long.",,The Lunar Chronicles,4
265,9780141199610,Anna Karenina,"Leo Tolstoy, Lev Tolstoi",Classics,8.99,17,Active,https://i.gr-assets.com/images/S/compressed.photo.goodreads.com/books/1601352433l/15823480._SY475_.jpg,"Anna Karenina abandons her empty marriage to Karenin for a passionate relationship with Count Vronsky, with tragic consequences. Alongside her story, Levin searches for meaning in a novel that examines love, society, and life in Russia.",,,
266,9780307351487,Sharp Objects,Gillian Flynn,Mystery,12.99,16,Active,https://i.gr-assets.com/images/S/compressed.photo.goodreads.com/books/1475695315l/18045891.jpg,"Fresh from a brief stay at a psych hospital, reporter Camille Preaker faces a troubling assignment: she must return to her tiny hometown to cover the murders of two preteen girls. For years, Camille has hardly spoken to her neurotic, hypochondriac mother or to the half-sister she barely knows: a beautiful thirteen-year-old with an eerie grip on the town. Now, installed in her old bedroom in her family's Victorian mansion, Camille finds herself identifying with the young victims - a bit too strongly. Dogged by her own demons, she must unravel the psychological puzzle of her own past if she wants to get the story - and survive this homecoming.",,,
267,9780743477109,Macbeth,William Shakespeare,Classics,10.99,0,Active,https://i.gr-assets.com/images/S/compressed.photo.goodreads.com/books/1459795224l/8852._SY475_.jpg,"One night on the heath, the brave and respected general Macbeth encounters three witches who foretell that he will become king of Scotland. At first sceptical, he's urged on by the ruthless, single-minded ambitions of Lady Macbeth, who suffers none of her husband's doubt. But seeing the prophecy through to the bloody end leads them both spiralling into paranoia, tyranny, madness, and murder. This shocking tragedy - a violent caution to those seeking power for its own sake - is, to this day, one of Shakespeare's most popular and influential masterpieces.",,,
268,9780375728006,A Walk to Remember,Nicholas Sparks,Romance,10.99,18,Active,https://i.gr-assets.com/images/S/compressed.photo.goodreads.com/books/1498755310l/35545737._SY475_.jpg,"There was a time when the world was sweeter... when the women in Beaufort, North Carolina, wore dresses, and the men donned hats... when something happened to a seventeen-year-old boy that would change his life forever. Every April, when the wind blows in from the sea and mingles with the scent of lilacs, Landon Carter remembers his last year at Beaufort High. It was 1958, and Landon had already dated a girl or two. He even swore that he had once been in love. Certainly the last person in town he thought he'd fall for was Jamie Sullivan, the daughter of the town's Baptist minister.",,,
269,9781416975861,Clockwork Angel,Cassandra Clare,Fantasy,16.99,15,Active,https://i.gr-assets.com/images/S/compressed.photo.goodreads.com/books/1454962884l/7171637._SY475_.jpg,"The year is 1878. Tessa Gray descends into London's dark supernatural underworld in search of her missing brother. She soon discovers that her only allies are the demon-slaying Shadowhunters - including Will and Jem, the mysterious boys she is attracted to.",,The Infernal Devices,1
270,9781416975885,Clockwork Prince,Cassandra Clare,Fantasy,8.99,15,Active,https://i.gr-assets.com/images/S/compressed.photo.goodreads.com/books/1460477747l/10025305.jpg,"In the magical underworld of Victorian London, Tessa Gray has at last found safety with the Shadowhunters. But that safety proves fleeting when rogue forces in the Clave plot to see her protector, Charlotte, replaced as head of the Institute. If Charlotte loses her position, Tessa will be out on the street - and easy prey for the mysterious Magister, who wants to use Tessa's powers for his own dark ends. With the help of the handsome, self-destructive Will and the fiercely devoted Jem, Tessa discovers that the Magister's war on the Shadowhunters is deeply personal. He blames them for a long-ago tragedy that shattered his life.",,The Infernal Devices,2
271,9781406321340,Clockwork Princess,Cassandra Clare,Fantasy,10.99,19,Active,https://i.gr-assets.com/images/S/compressed.photo.goodreads.com/books/1436788488l/18335634._SY475_.jpg,"A net of shadows begins to tighten around the Shadowhunters of the London Institute. Mortmain plans to use his Infernal Devices, an army of pitiless automatons, to destroy the Shadowhunters. He needs only one last item to complete his plan: he needs Tessa Gray. Charlotte Branwell, head of the London Institute, is desperate to find Mortmain before he strikes.",,The Infernal Devices,3
272,9780142403884,Charlie and the Chocolate Factory,"Roald Dahl, Quentin Blake (Illustrations)",Children's,9.99,19,Active,https://i.gr-assets.com/images/S/compressed.photo.goodreads.com/books/1309211401l/6310.jpg,Charlie Bucket's wonderful adventure begins when he finds one of Mr. Willy Wonka's precious Golden Tickets and wins a whole day inside the mysterious chocolate factory. Little does he know the surprises that are in store for him!,,Charlie Bucket,1
273,9780142404126,Charlie and the Great Glass Elevator,"Roald Dahl, Quentin Blake (Illustrations)",Children's,7.99,0,Active,https://i.gr-assets.com/images/S/compressed.photo.goodreads.com/books/1309211607l/6687.jpg,"Now that Charlie has won the chocolate factory, what's next? Even wilder adventures, that's what! Join him, Grandpa Joe, and, of course, Willy Wonka for the amazing, intergalactic sequel to Charlie and the Chocolate Factory!",,Charlie Bucket,2
274,9780679410430,Lolita,Vladimir Nabokov,Classics,9.99,16,Active,https://i.gr-assets.com/images/S/compressed.photo.goodreads.com/books/1377756377l/7604.jpg,"Humbert Humbert - scholar, aesthete and romantic - has fallen completely and utterly in love with Lolita Haze, his landlady's gum-snapping, silky skinned twelve-year-old daughter. Reluctantly agreeing to marry Mrs Haze just to be close to Lolita, Humbert suffers greatly in the pursuit of romance; but when Lo herself starts looking for attention elsewhere, he will carry her off on a desperate cross-country misadventure, all in the name of Love. Hilarious, flamboyant, heart-breaking and full of ingenious word play, Lolita is an immaculate, unforgettable masterpiece of obsession, delusion and lust.",,,
275,9780060786502,The Poisonwood Bible,Barbara Kingsolver,Fiction,14.99,16,Active,https://i.gr-assets.com/images/S/compressed.photo.goodreads.com/books/1412242487l/7244.jpg,"The Poisonwood Bible is a story told by the wife and four daughters of Nathan Price, a fierce, evangelical Baptist who takes his family and mission to the Belgian Congo in 1959. They carry with them everything they believe they will need from home, but soon find that all of it - from garden seeds to Scripture - is calamitously transformed on African soil. What follows is a suspenseful epic of one family's tragic undoing and remarkable reconstruction over the course of three decades in postcolonial Africa.",,,
276,9780525423645,Matched,Ally Condie,Young Adult,8.99,18,Active,https://i.gr-assets.com/images/S/compressed.photo.goodreads.com/books/1367706191l/7735333.jpg,"In the Society, officials decide. Who you love. Where you work. When you die. Cassia has always trusted their choices. It's hardly any price to pay for a long life, the perfect job, the ideal mate. So when her best friend appears on the Matching screen, Cassia knows with complete certainty that he is the one... until she sees another face flash for an instant before the screen fades to black. Now Cassia is faced with impossible choices: between Xander and Ky, between the only life she's known and a path no one else has ever dared follow - between perfection and passion.",,Matched,1
277,9780142421710,Crossed,Ally Condie,Young Adult,16.99,24,Active,https://i.gr-assets.com/images/S/compressed.photo.goodreads.com/books/1374335939l/15812814.jpg,The Society chooses everything. The books you read. The music you listen to. The person you love. Yet for Cassia the rules have changed. Ky has been taken and she will sacrifice everything to find him. And when Cassia discovers Ky has escaped to the wild frontiers beyond the Society there is hope. But on the edge of society nothing is as it seems... A rebellion is rising. And a tangled web of lies and double-crosses could destroy everything.,,Matched,2
278,9780525423669,Reached,Ally Condie,Young Adult,8.99,19,Active,https://i.gr-assets.com/images/S/compressed.photo.goodreads.com/books/1330717582l/13125947.jpg,"After leaving Society to desperately seek The Rising, and each other, Cassia and Ky have found what they were looking for, but at the cost of losing each other yet again. Cassia is assigned undercover in Central city, Ky outside the borders, an airship pilot with Indie. Xander is a medic, with a secret. All too soon, everything shifts again.",,Matched,3
279,9780141439587,Emma,"Jane Austen, Fiona Stafford (Introduction/Notes)",Classics,8.99,19,Active,https://i.gr-assets.com/images/S/compressed.photo.goodreads.com/books/1373627931l/6969.jpg,"Emma Woodhouse is one of Austen's most captivating and vivid characters. Beautiful, spoilt, vain and irrepressibly witty, Emma organizes the lives of the inhabitants of her sleepy little village and plays matchmaker with devastating effect.",,,
280,9780192833594,Great Expectations,Charles Dickens,Classics,10.99,22,Active,https://i.gr-assets.com/images/S/compressed.photo.goodreads.com/books/1327920219l/2623.jpg,"Orphaned Pip is apprenticed to a blacksmith but dreams of becoming a gentleman. An unexpected change in his fortunes brings him into a world shaped by crime, guilt, ambition, and revenge. His story intersects with the convict Magwitch, the proud Estella, and the embittered Miss Havisham.",,,
281,9780451488336,The Pillars of the Earth,Ken Follett,Historical Fiction,11.99,22,Active,https://i.gr-assets.com/images/S/compressed.photo.goodreads.com/books/1576956100l/5043.jpg,"In twelfth-century England, a monk is driven to build a magnificent Gothic cathedral. The construction binds together lives shaped by ambition, intrigue, romance, and the harsh realities of the Middle Ages.",,Kingsbridge,1
282,9780451224996,World Without End,Ken Follett,Historical Fiction,14.99,24,Active,https://i.gr-assets.com/images/S/compressed.photo.goodreads.com/books/1509545511l/5064._SY475_.jpg,"World Without End takes place in the same town of Kingsbridge, two centuries after the townspeople finished building the exquisite Gothic cathedral that was at the heart of The Pillars of the Earth. The cathedral and the priory are again at the center of a web of love and hate, greed and pride, ambition and revenge, but this sequel stands on its own. This time the men and women of an extraordinary cast of characters find themselves at a crossroads of new ideas - about medicine, commerce, architecture, and justice.",,Kingsbridge,2
283,9780525954972,A Column of Fire,Ken Follett,Historical Fiction,11.99,10,Active,https://i.gr-assets.com/images/S/compressed.photo.goodreads.com/books/1597750114l/33571713._SY475_.jpg,"As Europe erupts, can one young spy protect his queen? Ken Follett takes us deep into the treacherous world of powerful monarchs, intrigue, murder, and treason with his magnificent epic, A Column of Fire - the chronological latest in the Kingsbridge series, following The Pillars of the Earth, World Without End, and the prequel, The Evening and the Morning. In 1558, the ancient stones of Kingsbridge Cathedral look down on a city torn apart by religious conflict. As power in England shifts precariously between Catholics and Protestants, royalty and commoners clash, testing friendship, loyalty, and love.",,Kingsbridge,3
284,9780141301068,Matilda,Roald Dahl,Children's,8.99,22,Active,https://i.gr-assets.com/images/S/compressed.photo.goodreads.com/books/1388793265l/39988.jpg,"Matilda is a little girl who is far too good to be true. At age five-and-a-half she's knocking off double-digit multiplication problems and blitz-reading Dickens. Even more remarkably, her classmates love her even though she's a super-nerd and the teacher's pet. But everything is not perfect in Matilda's world. For starters she has two of the most idiotic, self-centered parents who ever lived. Then there's the large, busty nightmare of a school principal, Miss (""The"") Trunchbull, a former hammer-throwing champion who flings children at will and is approximately as sympathetic as a bulldozer.",,,
285,9780440241416,Confessions of a Shopaholic,Sophie Kinsella,Romance,10.99,11,Active,https://i.gr-assets.com/images/S/compressed.photo.goodreads.com/books/1546503932l/9416._SX318_.jpg,"Becky Bloomwood has a fabulous flat in London's trendiest neighborhood, a troupe of glamorous socialite friends, and a closet brimming with the season's must-haves. The only trouble is, she can't actually afford it - not any of it. Her job writing at Successful Saving magazine not only bores her to tears, it doesn't pay much at all. And lately Becky's been chased by dismal letters from the bank - letters with large red sums she can't bear to read. She tries cutting back. But none of her efforts succeeds. Her only consolation is to buy herself something... just a little something.",,Shopaholic,1
286,9780440241812,Shopaholic Takes Manhattan,Sophie Kinsella,Romance,11.99,22,Active,https://i.gr-assets.com/images/S/compressed.photo.goodreads.com/books/1266449959l/9418.jpg,"The irresistible heroine of Confessions of a Shopaholic and Shopaholic Ties the Knot is back! And this time Becky Bloomwood and her credit cards are headed across the Atlantic... With her shopping excesses (somewhat) in check and her career as a TV financial guru thriving, Becky's biggest problem seems to be tearing her entrepreneur boyfriend, Luke, away from work for a romantic country weekend. And worse, figuring out how to pack light.",,Shopaholic,2
287,9780440241898,Shopaholic Ties the Knot,Sophie Kinsella,Romance,16.99,22,Active,https://i.gr-assets.com/images/S/compressed.photo.goodreads.com/books/1371383294l/9419.jpg,"Life has been good for Becky Bloomwood: She's become the best personal shopper at Barneys, she and her successful entrepreneurial boyfriend, Luke, are living happily in Manhattan's West Village, and her new next-door neighbor is a fashion designer! But with her best friend, Suze, engaged, how can Becky fail to notice that her own ring finger is bare? Not that she's been thinking of marriage (or diamonds) or anything... Then Luke proposes! Bridal registries dance in Becky's head.",,Shopaholic,3
288,9780440241911,Shopaholic and Sister,Sophie Kinsella,Romance,10.99,15,Active,https://i.gr-assets.com/images/S/compressed.photo.goodreads.com/books/1390204703l/9417.jpg,"Becky Bloomwood returns in a story of married life, friendship, and a long-lost sister. Family ties and her irresistible shopping habits collide, including her determination to own an Angel handbag.",,Shopaholic,4
289,9780385338707,Shopaholic & Baby,Sophie Kinsella,Romance,8.99,14,Active,https://i.gr-assets.com/images/S/compressed.photo.goodreads.com/books/1388274774l/9420.jpg,"Becky Brandon (nee Bloomwood) is pregnant! She couldn't be more overjoyed-especially since discovering that shopping cures morning sickness. Everything has got to be perfect for her baby: from the designer nursery... to the latest, coolest pram... to the celebrity, must-have obstetrician. But when the celebrity obstetrician turns out to be her husband Luke's glamorous, intellectual ex-girlfriend, Becky's perfect world starts to crumble. She's shopping for two... but are there three in her marriage?",,Shopaholic,5
290,9780385342049,Mini Shopaholic,Sophie Kinsella,Romance,9.99,20,Active,https://i.gr-assets.com/images/S/compressed.photo.goodreads.com/books/1388191918l/7415016.jpg,Becky Brandon thought motherhood would be a breeze and that having a daughter was a dream come true: a shopping friend for life! But it's trickier than she thought. Two-year-old Minnie has a quite different approach to shopping.,,Shopaholic,6
291,9780812993868,Shopaholic to the Stars,Sophie Kinsella,Romance,9.99,22,Active,https://i.gr-assets.com/images/S/compressed.photo.goodreads.com/books/1398905552l/21064599.jpg,"Becky Brandon and her daughter Minnie move to Los Angeles to join Luke, who is handling publicity for actress Sage Seymour. Becky embraces celebrity sightings, Rodeo Drive shopping, and dreams of becoming Sage's personal stylist.",,Shopaholic,7
292,9780553213690,The Metamorphosis,Franz Kafka,Classics,8.99,19,Active,https://i.gr-assets.com/images/S/compressed.photo.goodreads.com/books/1359061917l/485894.jpg,"As Gregor Samsa awoke one morning from uneasy dreams he found himself transformed in his bed into a gigantic insect. He was lying on his hard, as it were armor-plated, back and when he lifted his head a little he could see his domelike brown belly divided into stiff arched segments on top of which the bed quilt could hardly keep in position and was about to slide off completely. His numerous legs, which were pitifully thin compared to the rest of his bulk, waved helplessly before his eyes.",,,
293,9780143129516,One Flew Over the Cuckoo's Nest,Ken Kesey,Classics,8.99,13,Active,https://i.gr-assets.com/images/S/compressed.photo.goodreads.com/books/1516211014l/332613._SX318_.jpg,"Tyrannical Nurse Ratched rules her ward in an Oregon State mental hospital with a strict and unbending routine, unopposed by her patients, who remain cowed by mind-numbing medication and the threat of electric shock therapy. But her regime is disrupted by the arrival of McMurphy - the swaggering, fun-loving trickster with a devilish grin who resolves to oppose her rules on behalf of his fellow inmates. His struggle is seen through the eyes of Chief Bromden, a seemingly mute half-Indian patient who understands McMurphy's heroic attempt to do battle with the powers that keep them imprisoned.",,,
294,9780143058144,Crime and Punishment,Fyodor Dostoyevsky,Classics,9.99,21,Active,https://i.gr-assets.com/images/S/compressed.photo.goodreads.com/books/1382846449l/7144.jpg,"Raskolnikov, a destitute and desperate former student, wanders through the slums of St Petersburg and commits a random murder without remorse or regret. He imagines himself to be a great man, a Napoleon: acting for a higher purpose beyond conventional moral law. But as he embarks on a dangerous game of cat and mouse with a suspicious police investigator, Raskolnikov is pursued by the growing voice of his conscience and finds the noose of his own guilt tightening around his neck. Only Sonya, a downtrodden prostitute, can offer the chance of redemption.",,,
295,9780452287020,Girl with a Pearl Earring,Tracy Chevalier,Historical Fiction,14.99,20,Active,https://i.gr-assets.com/images/S/compressed.photo.goodreads.com/books/1327197580l/2865.jpg,"With precisely 35 canvases to his credit, the Dutch painter Johannes Vermeer represents one of the great enigmas of 17th-century art. The meager facts of his biography have been gleaned from a handful of legal documents. Yet Vermeer's extraordinary paintings of domestic life, with their subtle play of light and texture, have come to define the Dutch golden age. His portrait of the anonymous Girl with a Pearl Earring has exerted a particular fascination for centuries - and it is this magnetic painting that lies at the heart of Tracy Chevalier's second novel of the same title.",,,
296,9781423113393,The Lost Hero,Rick Riordan,Fantasy,9.99,9,Active,https://i.gr-assets.com/images/S/compressed.photo.goodreads.com/books/1464201003l/7736182._SY475_.jpg,"Jason has a problem. He doesn't remember anything before waking up in a bus full of kids on a field trip. Apparently he has a girlfriend named Piper, and his best friend is a guy named Leo. They're all students at the Wilderness School, a boarding school for ""bad kids,"" as Leo puts it. What did Jason do to end up here? And where is here, exactly? Jason doesn't know anything - except that everything seems very wrong. Piper has a secret. Her father has been missing for three days, ever since she had that terrifying nightmare about his being in trouble. Piper doesn't understand her dream, or why her boyfriend suddenly doesn't recognize her.",,The Heroes of Olympus,1
297,9781423140597,The Son of Neptune,Rick Riordan,Fantasy,12.99,17,Active,https://i.gr-assets.com/images/S/compressed.photo.goodreads.com/books/1464201114l/9520360._SY475_.jpg,"Percy is confused. When he awoke from his long sleep, he didn't know much more than his name. His brain fuzz is lingering, even after the wolf Lupa told him he is a demigod and trained him to fight with the pen/sword in his pocket. Somehow Percy manages to make it to a camp for half-bloods, despite the fact that he has to keep killing monsters along the way. But the camp doesn't ring any bells with him. The only thing he can recall from his past is another name: Annabeth. Hazel is supposed to be dead. When she lived before, she didn't do a very good job of it. Sure, she was an obedient daughter, even when her mother was possessed by greed.",,The Heroes of Olympus,2
298,9781423140603,The Mark of Athena,Rick Riordan,Fantasy,13.99,13,Active,https://i.gr-assets.com/images/S/compressed.photo.goodreads.com/books/1464201354l/12127750._SY475_.jpg,"Annabeth is terrified. Just when she's about to be reunited with Percy - after six months of being apart, thanks to Hera - it looks like Camp Jupiter is preparing for war. As Annabeth and her friends Jason, Piper, and Leo fly in on the Argo II, she can't blame the Roman demigods for thinking the ship is a Greek weapon. With its steaming bronze dragon figurehead, Leo's fantastical creation doesn't appear friendly. Annabeth hopes that the sight of their praetor Jason on deck will reassure the Romans that the visitors from Camp Half-Blood are coming in peace. And that's only one of her worries.",,The Heroes of Olympus,3
299,9781423146728,The House of Hades,Rick Riordan,Fantasy,8.99,14,Active,https://i.gr-assets.com/images/S/compressed.photo.goodreads.com/books/1464201430l/12127810._SY475_.jpg,"Hazel stands at a crossroads. She and the remaining crew of the Argo II could return home with the Athena Parthenos statue and try to stop Camp Half-Blood and Camp Jupiter from going to war. Or they could continue their quest to find the House of Hades, where they might be able to open the Doors of Death, rescue their friends Percy and Annabeth from Tartarus, and prevent monsters from being reincarnated in the mortal world. Whichever road they decide to take, they have to hurry, because time is running out. Gaea, the bloodthirsty Earth Mother, has set the date of August 1 for her rise to power. Annabeth and Percy are overwhelmed.",,The Heroes of Olympus,4
300,9781423146735,The Blood of Olympus,Rick Riordan,Fantasy,9.99,10,Active,https://i.gr-assets.com/images/S/compressed.photo.goodreads.com/books/1464201441l/18705209._SY475_.jpg,"Nico had warned them. Going through the House of Hades would stir the demigods' worst memories. Their ghosts would become restless. Nico may actually become a ghost if he has to shadow-travel with Reyna and Coach Hedge one more time. But that might be better than the alternative: allowing someone else to die, as Hades foretold. Jason's ghost is his mother, who abandoned him when he was little. He may not know how he is going to prove himself as a leader, but he does know that he will not break promises like she did. He will complete his line of the prophecy: To storm or fire the world must fall.",,The Heroes of Olympus,5
301,9780385729338,The Sisterhood of the Traveling Pants,Ann Brashares,Young Adult,8.99,10,Active,https://i.gr-assets.com/images/S/compressed.photo.goodreads.com/books/1461611233l/452306.jpg,"Carmen got the jeans at a thrift shop. They didn't look all that great: they were worn, dirty, and speckled with bleach. On the night before she and her friends part for the summer, Carmen decides to toss them. But Tibby says they're great. She'd love to have them. Lena and Bridget also think they're fabulous. Lena decides that they should all try them on. Whoever they fit best will get them. Nobody knows why, but the pants fit everyone perfectly. Even Carmen (who never thinks she looks good in anything) thinks she looks good in the pants.",,Sisterhood,1
302,9780385731058,The Second Summer of the Sisterhood,Ann Brashares,Young Adult,11.99,16,Active,https://i.gr-assets.com/images/S/compressed.photo.goodreads.com/books/1467700995l/5454._SY475_.jpg,"With a bit of last summer's sand in the pockets, the Traveling Pants and the Sisterhood that wears them embark on their second summer together. Bridget: Impulsively sets off for Alabama, wanting to both confront and avoid her demons... but she can't keep the truth from the Pants. Carmen: Is concerned that her mother is making a fool of herself over a man. When she discovers that her mom borrowed the Pants to wear on a date, she's certain of it. Tibby: Makes a movie she'd like to be proud of... while the Pants keep alive the memory of a friend who could see beyond appearances. Lena: Has spent months hiding from love...",,Sisterhood,2
303,9780553375930,Girls in Pants: The Third Summer of the Sisterhood,Ann Brashares,Young Adult,14.99,20,Active,https://i.gr-assets.com/images/S/compressed.photo.goodreads.com/books/1320473346l/5452.jpg,"It's the summer before the sisterhood departs for college... their last real summer together before they head off to start their grown-up lives. It's the time when Lena, Tibby, Bridget, and Carmen need their traveling pants the most.",,Sisterhood,3
304,9780385729369,Forever in Blue: The Fourth Summer of the Sisterhood,Ann Brashares,Young Adult,16.99,21,Active,https://i.gr-assets.com/images/S/compressed.photo.goodreads.com/books/1389829324l/5453.jpg,"With unraveled embroidery and fraying hems, the Traveling Pants are back for one last, glorious summer. Lena: Immerses herself in her painting and an intoxicating summer fling, fearing that the moment she forgets about Kostos will be the moment she sees him again. Carmen: Falls under the spell of a sophisticated college friend for whom a theatrical role means everything and the heritage of the Pants means nothing. Bridget: Joins a dig for an ancient city on the coast of Turkey and discovers that her archaeology professor is available in every way except one.",,Sisterhood,4
305,9780385736763,3 Willows: The Sisterhood Grows,Ann Brashares,Young Adult,8.99,22,Active,https://i.gr-assets.com/images/S/compressed.photo.goodreads.com/books/1320481578l/4071565.jpg,"Polly has an idea that she can't stop thinking about, one that involves changing a few things about herself. She's setting her sights on a more glamorous life, but it's going to take all of her focus. At least that way she won't have to watch her friends moving so far ahead. Jo is spending the summer at her family's beach house, working as a busgirl and bonding with the older, cooler girls she'll see at high school come September. She didn't count on a brief fling with a cute boy changing her entire summer. Or feeling embarrassed by her middle school friends. And she didn't count on her family at all...",,Sisterhood,4.5
306,9780385521222,Sisterhood Everlasting,Ann Brashares,Young Adult,9.99,8,Active,https://i.gr-assets.com/images/S/compressed.photo.goodreads.com/books/1327878529l/9461872.jpg,"Now Tibby, Lena, Carmen, and Bridget have grown up, starting their lives on their own. And though the jeans they shared are long gone, the sisterhood is everlasting. Despite having jobs and men that they love, each knows that something is missing: the closeness that once sustained them. Carmen is a successful actress in New York, engaged to be married, but misses her friends. Lena finds solace in her art, teaching in Rhode Island, but still thinks of Kostos and the road she didn't take.",,Sisterhood,5
307,9780349113913,Me Talk Pretty One Day,David Sedaris,Memoir & Biography,10.99,23,Active,https://i.gr-assets.com/images/S/compressed.photo.goodreads.com/books/1431013639l/4137.jpg,"David Sedaris' move to Paris from New York inspired these hilarious pieces, including the title essay, about his attempts to learn French from a sadistic teacher who declares that every day spent with you is like having a caesarean section. His family is another inspiration. You Can't Kill the Rooster is a portrait of his brother, who talks incessant hip-hop slang to his bewildered father. And no one hones a finer fury in response to such modern annoyances as restaurant meals presented in ludicrous towers of food and cashiers with six-inch fingernails.",,,
308,9780394800165,Green Eggs and Ham,Dr. Seuss,Children's,7.99,4,Active,https://i.gr-assets.com/images/S/compressed.photo.goodreads.com/books/1468680100l/23772.jpg,"""Do you like green eggs and ham?"" asks Sam-I-am in this Beginner Book by Dr. Seuss. In a house or with a mouse? In a boat or with a goat? On a train or in a tree? Sam keeps asking persistently. With unmistakable characters and signature rhymes, Dr. Seuss's beloved favorite has cemented its place as a children's classic. In this most famous of cumulative tales, the list of places to enjoy green eggs and ham, and friends to enjoy them with, gets longer and longer. Follow Sam-I-am as he insists that this unusual treat is indeed a delectable snack to be savored everywhere and in every way.",,,
309,9780385199575,The Stand,Stephen King,Horror,12.99,23,Active,https://i.gr-assets.com/images/S/compressed.photo.goodreads.com/books/1213131305l/149267.jpg,This is the way the world ends: with a nanosecond of computer error in a Defense Department laboratory and a million casual contacts that form the links in a chain letter of death. And here is the bleak new world of the day after: a world stripped of its institutions and emptied of 99 percent of its people. A world in which a handful of panicky survivors choose sides - or are chosen.,,,
310,9780307592736,Wild: From Lost to Found on the Pacific Crest Trail,Cheryl Strayed,Memoir & Biography,10.99,17,Active,https://i.gr-assets.com/images/S/compressed.photo.goodreads.com/books/1453189881l/12262741._SY475_.jpg,"At twenty-two, Cheryl Strayed thought she had lost everything. In the wake of her mother's death, her family scattered and her own marriage was soon destroyed. Four years later, with nothing more to lose, she made the most impulsive decision of her life. With no experience or training, driven only by blind will, she would hike more than a thousand miles of the Pacific Crest Trail from the Mojave Desert through California and Oregon to Washington State - and she would do it alone.",,,
311,9780671027032,How to Win Friends and Influence People,Dale Carnegie,Business & Economics,18.99,9,Active,https://i.gr-assets.com/images/S/compressed.photo.goodreads.com/books/1442726934l/4865._SY475_.jpg,Dale Carnegie offers practical advice for building relationships and improving business and personal interactions. The book focuses on helping readers pursue their goals and handle the situations they encounter more effectively.,,,
312,9781984801814,The Guernsey Literary and Potato Peel Pie Society,"Mary Ann Shaffer, Annie Barrows",Historical Fiction,16.99,13,Active,https://i.gr-assets.com/images/S/compressed.photo.goodreads.com/books/1529026760l/39832183.jpg,"January 1946: London is emerging from the shadow of the Second World War, and writer Juliet Ashton is looking for her next book subject.",,,
313,9780393341768,A Clockwork Orange,Anthony Burgess,Classics,11.99,3,Active,https://i.gr-assets.com/images/S/compressed.photo.goodreads.com/books/1549260060l/41817486.jpg,"In Anthony Burgess's influential nightmare vision of the future, criminals take over after dark. Teen gang leader Alex narrates in fantastically inventive slang that echoes the violent intensity of youth rebelling against society. Dazzling and transgressive, A Clockwork Orange is a frightening fable about good and evil and the meaning of human freedom.",,,
314,9781561797462,A Christmas Carol,Charles Dickens,Classics,11.99,9,Active,https://i.gr-assets.com/images/S/compressed.photo.goodreads.com/books/1406512317l/5326.jpg,"To bitter, miserly Ebenezer Scrooge, Christmas is just another day. But all that changes when the ghost of his long-dead business partner appears, warning Scrooge to change his ways before it's too late.",,The Christmas Books,1
315,9781434101853,The Chimes,Charles Dickens,Classics,10.99,8,Active,https://i.gr-assets.com/images/S/compressed.photo.goodreads.com/books/1347628928l/2452383.jpg,"Toby ""Trotty"" Veck, a poor working-class man, loses faith in humanity and begins to believe his poverty reflects his own unworthiness. On New Year's Eve, visiting spirits challenge that belief and help him recover his faith in others.",,The Christmas Books,2
316,9780809500413,The Cricket on the Hearth,Charles Dickens,Classics,8.99,22,Active,https://i.gr-assets.com/images/S/compressed.photo.goodreads.com/books/1347336963l/549938.jpg,"One of Charles Dickens's Christmas Books, this novella centers on a household watched over by a cricket whose presence brings comfort. Domestic troubles and misunderstandings unfold in a story about trust, kindness, and family.",,The Christmas Books,3
317,9780143038092,The Joy Luck Club,Amy Tan,Fiction,14.99,1,Active,https://i.gr-assets.com/images/S/compressed.photo.goodreads.com/books/1586662847l/7763._SY475_.jpg,"Four mothers, four daughters, four families, whose histories shift with the four winds depending on who's telling the stories. In 1949, four Chinese women, recent immigrants to San Francisco, meet weekly to play mahjong and tell stories of what they left behind in China. United in loss and new hope for their daughters' futures, they call themselves the Joy Luck Club. Their daughters, who have never heard these stories, think their mothers' advice is irrelevant to their modern American lives - until their own inner crises reveal how much they've unknowingly inherited of their mothers' pasts.",,,
318,9781599909547,The Assassin and the Pirate Lord,Sarah J. Maas,Fantasy,8.99,17,Active,https://i.gr-assets.com/images/S/compressed.photo.goodreads.com/books/1335782612l/13415554.jpg,"A Throne of Glass novella. On a remote island in a tropical sea, Celaena Sardothien, feared assassin, has come for retribution. She's been sent by the Assassin's Guild to collect on a debt they are owed by the Lord of the Pirates. But when Celaena learns that the agreed payment is not in money, but in slaves, her mission suddenly changes - and she will risk everything to right the wrong she's been sent to bring about.",,Throne of Glass,0.1
319,9781599909851,The Assassin and the Desert,Sarah J. Maas,Fantasy,12.99,12,Active,https://i.gr-assets.com/images/S/compressed.photo.goodreads.com/books/1335783827l/13419891.jpg,"The Silent Assassins of the Red Desert aren't much for conversation, and Celaena Sardothien wouldn't have it any other way. She's not there to chatter, she's there to hone her craft as the world's most feared killer for hire. When the quiet is shattered by forces who want to destroy the Silent Assassins, Celaena must find a way to stop them, or she'll be lucky to leave the desert alive.",,Throne of Glass,0.3
320,9781599909868,The Assassin and the Underworld,Sarah J. Maas,Fantasy,9.99,10,Active,https://i.gr-assets.com/images/S/compressed.photo.goodreads.com/books/1336062984l/13546173.jpg,"When the King of the Assassins gives Celaena Sardothien a special assignment that will help fight slavery in the kingdom, she jumps at the chance to strike a blow against an evil practice. The mission is a dark and deadly affair which takes Celaena from the rooftops of the city to the bottom of the sewer - and she doesn't like what she finds there.",,Throne of Glass,0.4
321,9781599909875,The Assassin and the Empire,Sarah J. Maas,Fantasy,16.99,9,Active,https://i.gr-assets.com/images/S/compressed.photo.goodreads.com/books/1341877441l/13565676.jpg,"Celaena Sardothien is the assassin with everything: a place to call her own, the love of handsome Sam, and, best of all, freedom. Yet, she won't be truly free until she is far away from her old master, Arobynn Hamel; Celaena must take one last daring assignment that will liberate her forever. But having it all, means you have a lot to lose...",,Throne of Glass,0.5
322,9781639730940,Throne of Glass,Sarah J. Maas,Fantasy,14.99,18,Active,https://i.gr-assets.com/images/S/compressed.photo.goodreads.com/books/1495278054l/7896527.jpg,"After serving out a year of hard labor in the salt mines of Endovier for her crimes, 18-year-old assassin Celaena Sardothien is dragged before the Crown Prince. Prince Dorian offers her her freedom on one condition: she must act as his champion in a competition to find a new royal assassin. Her opponents are men-thieves and assassins and warriors from across the empire, each sponsored by a member of the king's council. If she beats her opponents in a series of eliminations, she'll serve the kingdom for four years and then be granted her freedom.",,Throne of Glass,1
323,9781619630628,Crown of Midnight,Sarah J. Maas,Fantasy,16.99,0,Active,https://i.gr-assets.com/images/S/compressed.photo.goodreads.com/books/1391580481l/17167166.jpg,"From the throne of glass rules a king with a fist of iron and a soul as black as pitch. Assassin Celaena Sardothien won a brutal contest to become his Champion. Yet Celaena is far from loyal to the crown. She hides her secret vigilantly; she knows that the man she serves is bent on evil. Keeping up the deadly charade becomes increasingly difficult when Celaena realizes she is not the only one seeking justice. As she tries to untangle the mysteries buried deep within the glass castle, her closest relationships suffer.",,Throne of Glass,2
324,9781619630659,Heir of Fire,Sarah J. Maas,Fantasy,16.99,11,Active,https://i.gr-assets.com/images/S/compressed.photo.goodreads.com/books/1460846511l/20613470.jpg,"Celaena has survived deadly contests and shattering heartbreak-but at an unspeakable cost. Now, she must travel to a new land to confront her darkest truth... a truth about her heritage that could change her life-and her future-forever. Meanwhile, brutal and monstrous forces are gathering on the horizon, intent on enslaving her world. Will Celaena find the strength to not only fight her inner demons, but to take on the evil that is about to be unleashed?",,Throne of Glass,3
325,9781619636040,Queen of Shadows,Sarah J. Maas,Fantasy,9.99,10,Active,https://i.gr-assets.com/images/S/compressed.photo.goodreads.com/books/1441230104l/18006496.jpg,"Everyone Celaena Sardothien loves has been taken from her. But she's at last returned to the empire - for vengeance, to rescue her once-glorious kingdom, and to confront the shadows of her past... She has embraced her identity as Aelin Galathynius, Queen of Terrasen. But before she can reclaim her throne, she must fight. She will fight for her cousin, a warrior prepared to die for her. She will fight for her friend, a young man trapped in an unspeakable prison. And she will fight for her people, enslaved to a brutal king and awaiting their lost queen's triumphant return.",,Throne of Glass,4
326,9781639731022,Empire of Storms,Sarah J. Maas,Fantasy,13.99,11,Active,https://i.gr-assets.com/images/S/compressed.photo.goodreads.com/books/1463107108l/28260587.jpg,"Kingdoms will collide. The long path to the throne has only just begun for Aelin Galathynius as war looms on the horizon. Loyalties have been broken and bought, friends have been lost and gained, and those who possess magic find themselves at odds with those who don't. With her heart sworn to the warrior-prince by her side, and her fealty pledged to the people she is determined to save, Aelin will delve into the depths of her power to protect those she loves.",,Throne of Glass,5
327,9781681195773,Tower of Dawn,Sarah J. Maas,Fantasy,16.99,16,Active,https://i.gr-assets.com/images/S/compressed.photo.goodreads.com/books/1497973101l/31450852.jpg,"Chaol Westfall and Nesryn Faliq have arrived in the shining city of Antica to forge an alliance with the Khagan of the Southern Continent, whose vast armies are Erilea's last hope. But they have also come to Antica for another purpose: to seek healing at the famed Torre Cesme for the wounds Chaol received in Rifthold. After enduring unspeakable horrors as a child, Yrene Towers has no desire to help the young lord from Adarlan, let alone heal him. Yet she has sworn an oath to assist those in need - and will honor it. But Lord Westfall carries shadows from his own past, and Yrene soon comes to realize they could engulf them both.",,Throne of Glass,6
328,9781619636101,Kingdom of Ash,Sarah J. Maas,Fantasy,16.99,19,Active,https://i.gr-assets.com/images/S/compressed.photo.goodreads.com/books/1531922609l/33590260.jpg,"Aelin Galathynius has vowed to save her people - but at a tremendous cost. Locked within an iron coffin by the Queen of the Fae, Aelin must draw upon her fiery will as she endures months of torture. The knowledge that yielding to Maeve will doom those she loves keeps her from breaking, but her resolve is unraveling with each passing day... With Aelin captured, friends and allies are scattered to different fates. Some bonds will grow even deeper, while others will be severed forever. As destinies weave together at last, all must fight if Erilea is to have any hope of salvation.",,Throne of Glass,7
329,9780671027384,Deception Point,Dan Brown,Fiction,14.99,11,Active,https://i.gr-assets.com/images/S/compressed.photo.goodreads.com/books/1551277487l/976._SY475_.jpg,"A shocking scientific discovery. A conspiracy of staggering brilliance. A thriller unlike any you've ever read... When a NASA satellite discovers an astonishingly rare object buried deep in the Arctic ice, the floundering space agency proclaims a much-needed victory - a victory with profound implications for NASA policy and the impending presidential election. To verify the authenticity of the find, the White House calls upon the skills of intelligence analyst Rachel Sexton.",,,
330,9780060133566,The Bell Jar,Sylvia Plath,Classics,10.99,16,Active,https://i.gr-assets.com/images/S/compressed.photo.goodreads.com/books/1554582218l/6514._SY475_.jpg,"The Bell Jar chronicles the crack-up of Esther Greenwood: brilliant, beautiful, enormously talented, and successful, but slowly going under - maybe for the last time. Sylvia Plath masterfully draws the reader into Esther's breakdown with such intensity that Esther's insanity becomes completely real and even rational, as probable and accessible an experience as going to the movies. Such deep penetration into the dark and harrowing corners of the psyche is an extraordinary accomplishment and has made The Bell Jar a haunting American classic.",,,
331,9781400052172,The Immortal Life of Henrietta Lacks,Rebecca Skloot,Memoir & Biography,13.99,10,Active,https://i.gr-assets.com/images/S/compressed.photo.goodreads.com/books/1327878144l/6493208.jpg,"Her name was Henrietta Lacks, but scientists know her as HeLa. She was a poor Southern tobacco farmer who worked the same land as her slave ancestors, yet her cells - taken without her knowledge - became one of the most important tools in medicine. The first ""immortal"" human cells grown in culture, they are still alive today, though she has been dead for more than sixty years. If you could pile all HeLa cells ever grown onto a scale, they'd weigh more than 50 million metric tons - as much as a hundred Empire State Buildings.",,,
332,9780811200684,Siddhartha,Hermann Hesse,Classics,9.99,16,Active,https://i.gr-assets.com/images/S/compressed.photo.goodreads.com/books/1428715580l/52036.jpg,A wealthy Indian Brahmin leaves a life of privilege to seek spiritual fulfillment. Hermann Hesse's novel follows one man's search for meaning through experiences that challenge the ways he understands himself and the world.,,,
333,9780312422158,Middlesex,Jeffrey Eugenides,Fiction,9.99,23,Active,https://i.gr-assets.com/images/S/compressed.photo.goodreads.com/books/1437029776l/2187._SY475_.jpg,"Middlesex tells the breathtaking story of Calliope Stephanides, and three generations of the Greek-American Stephanides family, who travel from a tiny village overlooking Mount Olympus in Asia Minor to Prohibition-era Detroit, witnessing its glory days as the Motor City and the race riots of 1967 before moving out to the tree-lined streets of suburban Grosse Pointe, Michigan. To understand why Calliope is not like other girls, she has to uncover a guilty family secret, and the astonishing genetic history that turns Callie into Cal, one of the most audacious and wondrous narrators in contemporary fiction.",,,
334,9780307341563,Dark Places,Gillian Flynn,Mystery,12.99,11,Active,https://i.gr-assets.com/images/S/compressed.photo.goodreads.com/books/1354988288l/5886881.jpg,"Libby Day was seven when her mother and two sisters were murdered in ""The Satan Sacrifice"" of Kinnakee, Kansas. She survived - and famously testified that her fifteen-year-old brother, Ben, was the killer. Twenty-five years later, the Kill Club - a secret secret society obsessed with notorious crimes - locates Libby and pumps her for details. They hope to discover proof that may free Ben. Libby hopes to turn a profit off her tragic history: She'll reconnect with the players from that night and report her findings to the club - for a fee.",,,
335,9781401308582,The Five People You Meet in Heaven,Mitch Albom,Fiction,14.99,8,Active,https://i.gr-assets.com/images/S/compressed.photo.goodreads.com/books/1388200541l/3431.jpg,"Eddie is a wounded war veteran, an old man who has lived, in his mind, an uninspired life. His job is fixing rides at a seaside amusement park. On his 83rd birthday, a tragic accident kills him as he tries to save a little girl from a falling cart. He awakes in the afterlife, where he learns that heaven is not a destination.",,The Five People You Meet in Heaven,1
336,9781250030962,Fangirl,Rainbow Rowell,Young Adult,10.99,5,Active,https://i.gr-assets.com/images/S/compressed.photo.goodreads.com/books/1355886270l/16068905.jpg,"A coming-of-age tale of fan fiction, family and first love. Cath is a Simon Snow fan. Okay, the whole world is a Simon Snow fan.. But for Cath, being a fan is her life - and she's really good at it. She and her twin sister, Wren, ensconced themselves in the Simon Snow series when they were just kids; it's what got them through their mother leaving. Reading. Rereading. Hanging out in Simon Snow forums, writing Simon Snow fan fiction, dressing up like the characters for every movie premiere. Cath's sister has mostly grown away from fandom, but Cath can't let go. She doesn't want to.",,,
337,9780060987107,Wicked: The Life and Times of the Wicked Witch of the West,Gregory Maguire,Fantasy,10.99,21,Active,https://i.gr-assets.com/images/S/compressed.photo.goodreads.com/books/1437733293l/37442._SY475_.jpg,"When Dorothy triumphed over the Wicked Witch of the West in L. Frank Baum's classic tale we heard only her side of the story. But what about her arch-nemesis, the mysterious Witch? Where did she come from? How did she become so wicked? And what is the true nature of evil? Gregory Maguire creates a fantasy world so rich and vivid that we will never look at Oz the same way again. Wicked is about a land where animals talk and strive to be treated like first-class citizens, Munchkinlanders seek the comfort of middle-class stability, and the Tin Man becomes a victim of domestic violence.",,The Wicked Years,1
338,9780060747220,Son of a Witch,Gregory Maguire,Fantasy,13.99,17,Active,https://covers.openlibrary.org/b/isbn/9780060747220-L.jpg,"Liir, the possible son of Elphaba, searches for his identity and purpose in Oz after the events of Wicked.",,The Wicked Years,2
339,9780060548926,A Lion Among Men,Gregory Maguire,Fantasy,9.99,17,Active,https://i.gr-assets.com/images/S/compressed.photo.goodreads.com/books/1370992593l/3124249.jpg,"While civil war looms, a tetchy oracle named Yackle prepares for death. Before her final hour, an enigmatic figure known as Brrr - the Cowardly Lion - arrives searching for information about Elphaba Thropp, the Wicked Witch of the West. As payment, Yackle demands some answers of her own. Brrr surrenders his story: abandoned as a cub, his earliest memories are gluey hazes, and his life's path is no Yellow Brick Road.",,The Wicked Years,3
340,9780060548940,Out of Oz,Gregory Maguire,Fantasy,14.99,22,Active,https://i.gr-assets.com/images/S/compressed.photo.goodreads.com/books/1370992585l/10594929.jpg,"Oz is knotted with social unrest: The Emerald City is mounting an invasion of Munchkinland, Glinda is under house arrest, the Cowardly Lion is on the run from the law, and Dorothy is back. Amid chaos and war, Elphaba's green granddaughter born at the end of ""Son of a Witch"", comes of age. Rain will take up her broom, and bring the series to a close.",,The Wicked Years,4
341,9781416989417,"Hush, Hush",Becca Fitzpatrick,Young Adult,8.99,17,Active,https://i.gr-assets.com/images/S/compressed.photo.goodreads.com/books/1358261334l/6339664.jpg,"Romance was not part of Nora Grey's plan. She's never been particularly attracted to the boys at her school, no matter how hard her best friend, Vee, pushes them at her. Not until Patch comes along. With his easy smile and eyes that seem to see inside her, Patch draws Nora to him against her better judgment. But after a series of terrifying encounters, Nora's not sure whom to trust. Patch seems to be everywhere she is and seems to know more about her than her closest friends. She can't decide whether she should fall into his arms or run and hide.",,"Hush, Hush",1
342,9781416989431,Crescendo,Becca Fitzpatrick,Young Adult,16.99,2,Active,https://i.gr-assets.com/images/S/compressed.photo.goodreads.com/books/1362408146l/7791997.jpg,"Nora Grey's life is still far from perfect. Surviving an attempt on her life wasn't pleasant, but at least she got a guardian angel out of it. A mysterious, magnetic, gorgeous guardian angel. But despite his role in her life, Patch has been acting anything but angelic. He's more elusive than ever (if that's possible) and what's worse, he seems to be spending time with Nora's archenemy, Marcie Millar. Nora would have hardly noticed Scott Parnell, an old family friend who has moved back to town, if Patch hadn't been acting so distant.",,"Hush, Hush",2
343,9781442426641,Silence,Becca Fitzpatrick,Young Adult,12.99,10,Active,https://i.gr-assets.com/images/S/compressed.photo.goodreads.com/books/1362408152l/10637766.jpg,"Nora Grey can't remember the past five months of her life. After the initial shock of waking up in a cemetery and being told that she has been missing for weeks - with no one knowing where she was or who she was with - she tried to get her life back on track. Go to school, hang out with her best friend, Vee, and dodge mom's creepy new boyfriend. But there is this voice in the back of her head, an idea that she can almost reach out and touch. Visions of angel wings and unearthly creatures that have nothing to do with the life she knows. And this unshakable feeling that a part of her is missing.",,"Hush, Hush",3
344,9781442426672,Finale,Becca Fitzpatrick,Young Adult,8.99,5,Active,https://i.gr-assets.com/images/S/compressed.photo.goodreads.com/books/1362408156l/12751687.jpg,"Nora and Patch thought their troubles were behind them. Hank is gone and they should be able to put his ugly vendetta to rest. But in Hank's absence, Nora has become the unwitting head of the Nephilim and must finish what Hank began. Which ultimately means destroying the fallen angels - destroying Patch. Nora will never let that happen, so she and Patch make a plan: lead everyone to believe they have broken up, and work the system from the inside. Nora will convince the Nephilim that they are making a mistake in fighting the fallen angels, and Patch will find out everything he can from the opposing side.",,"Hush, Hush",4
345,9781476738017,A Man Called Ove,Fredrik Backman,Fiction,9.99,3,Active,https://i.gr-assets.com/images/S/compressed.photo.goodreads.com/books/1405259930l/18774964.jpg,"A grumpy yet loveable man finds his solitary world turned on its head when a boisterous young family moves in next door. Meet Ove. He's a curmudgeon, the kind of man who points at people he dislikes as if they were burglars caught outside his bedroom window. He has staunch principles, strict routines, and a short fuse. People call him the bitter neighbor from hell, but must Ove be bitter just because he doesn't walk around with a smile plastered to his face all the time? Behind the cranky exterior there is a story and a sadness.",,,
346,9780062422965,Queen Song,Victoria Aveyard,Fantasy,9.99,19,Active,https://i.gr-assets.com/images/S/compressed.photo.goodreads.com/books/1437677533l/25005214._SY475_.jpg,"Queen Coriane, first wife of King Tiberias, keeps a secret diary - how else can she ensure that no one at the palace will use her thoughts against her? Coriane recounts her heady courtship with the crown prince, the birth of a new prince, Cal, and the potentially deadly challenges that lay ahead for her in royal life.",,Red Queen,0.1
347,9780062422972,Steel Scars,Victoria Aveyard,Fantasy,8.99,11,Active,https://i.gr-assets.com/images/S/compressed.photo.goodreads.com/books/1437677582l/25362018._SY475_.jpg,"Farley was raised to be strong, but being tasked with planting the seeds of rebellion in Norta is a tougher job than expected. As she travels the land recruiting black market traders, smugglers, and extremists for her first attempt at an attack on the capital, she stumbles upon a connection that may prove to be the key to the entire operation - Mare Barrow.",,Red Queen,0.2
348,9780062310637,Red Queen,Victoria Aveyard,Fantasy,12.99,0,Active,https://i.gr-assets.com/images/S/compressed.photo.goodreads.com/books/1449778912l/22328546._SY475_.jpg,"This is a world divided by blood - red or silver. The Reds are commoners, ruled by a Silver elite in possession of god-like superpowers. And to Mare Barrow, a seventeen-year-old Red girl from the poverty-stricken Stilts, it seems like nothing will ever change. That is until she finds herself working in the Silver Palace. Here, surrounded by the people she hates the most, Mare discovers that, despite her red blood, she possesses a deadly power of her own. One that threatens to destroy the balance of power. Fearful of Mare's potential, the Silvers hide her in plain view, declaring her a long-lost Silver princess, now engaged to a Silver prince.",,Red Queen,1
349,9780062310668,Glass Sword,Victoria Aveyard,Fantasy,10.99,9,Active,https://i.gr-assets.com/images/S/compressed.photo.goodreads.com/books/1436460934l/23174274.jpg,"If there's one thing Mare Barrow knows, it's that she's different. Mare Barrow's blood is red - the color of common folk - but her Silver ability, the power to control lightning, has turned her into a weapon that the royal court tries to control. The crown calls her an impossibility, a fake, but as she makes her escape from Maven, the prince - the friend - who betrayed her, Mare uncovers something startling: she is not the only one of her kind. Pursued by Maven, now a vindictive king, Mare sets out to find and recruit other Red-and-Silver fighters to join in the struggle against her oppressors.",,Red Queen,2
350,9780062310712,King's Cage,Victoria Aveyard,Fantasy,12.99,1,Active,https://i.gr-assets.com/images/S/compressed.photo.goodreads.com/books/1467121158l/30226723.jpg,"Mare Barrow is a prisoner, powerless without her lightning, tormented by her lethal mistakes. She lives at the mercy of a boy she once loved, a boy made of lies and betrayal. Now a king, Maven Calore continues weaving his dead mother's web in an attempt to maintain control over his country - and his prisoner.",,Red Queen,3
351,9780062422996,War Storm,Victoria Aveyard,Fantasy,13.99,13,Active,https://i.gr-assets.com/images/S/compressed.photo.goodreads.com/books/1510773212l/27188596.jpg,"Victory comes at a price. Mare Barrow learned this all too well when Cal's betrayal nearly destroyed her. Now determined to protect her heart - and secure freedom for Reds and newbloods like her - Mare resolves to overthrow the kingdom of Norta once and for all... starting with the crown on Maven's head. But no battle is won alone, and before the Reds may rise as one, Mare must side with the boy who broke her heart in order to defeat the boy who almost broke her. Cal's powerful Silver allies, alongside Mare and the Scarlet Guard, prove a formidable force.",,Red Queen,4
352,9781409178811,Broken Throne,Victoria Aveyard,Fantasy,11.99,23,Active,https://i.gr-assets.com/images/S/compressed.photo.goodreads.com/books/1547753770l/42083967._SY475_.jpg,"A companion collection to the Red Queen series featuring five novellas, including Steel Scars and Queen Song. Maps, journal entries, and additional scenes expand the world and its characters.",,Red Queen,5
353,9780582418271,The Firm,John Grisham,Fiction,14.99,4,Active,https://i.gr-assets.com/images/S/compressed.photo.goodreads.com/books/1418465200l/5358.jpg,"Mitch McDeere, a Harvard Law graduate, becomes suspicious of his Memphis tax firm when mysterious deaths, obsessive office security, and the Chicago mob figure into its operations.",,,
354,9781524763138,Becoming,Michelle Obama,Memoir & Biography,14.99,18,Active,https://i.gr-assets.com/images/S/compressed.photo.goodreads.com/books/1528206996l/38746485.jpg,"In a life filled with meaning and accomplishment, Michelle Obama has emerged as one of the most iconic and compelling women of our era. As First Lady of the United States of America - the first African American to serve in that role - she helped create the most welcoming and inclusive White House in history, while also establishing herself as a powerful advocate for women and girls in the U. S. and around the world, dramatically changing the ways that families pursue healthier and more active lives, and standing with her husband as he led America through some of its most harrowing moments.",,,
355,9780552169981,Digital Fortress,Dan Brown,Fiction,11.99,23,Active,https://i.gr-assets.com/images/S/compressed.photo.goodreads.com/books/1360095966l/11125.jpg,"When the National Security Agency's invincible code-breaking machine encounters a mysterious code it cannot break, the agency calls its head cryptographer, Susan Fletcher, a brilliant and beautiful mathematician. What she uncovers sends shock waves through the corridors of power. The NSA is being held hostage... not by guns or bombs, but by a code so ingeniously complex that if released it would cripple U. S. intelligence. Caught in an accelerating tempest of secrecy and lies, Susan Fletcher battles to save the agency she believes in.",,,
356,9780689865381,Uglies,Scott Westerfeld,Young Adult,12.99,20,Active,https://i.gr-assets.com/images/S/compressed.photo.goodreads.com/books/1443904172l/24770.jpg,"Tally is about to turn sixteen, and she can't wait. In just a few weeks she'll have the operation that will turn her from a repellent ugly into a stunning pretty. And as a pretty, she'll be catapulted into a high-tech paradise where her only job is to have fun. But Tally's new friend Shay isn't sure she wants to become a pretty. When Shay runs away, Tally learns about a whole new side of the pretty world - and it isn't very pretty. The authorities offer Tally a choice: find her friend and turn her in, or never turn pretty at all. Tally's choice will change her world forever...",,Uglies,1
357,9780689865398,Pretties,Scott Westerfeld,Young Adult,11.99,17,Active,https://i.gr-assets.com/images/S/compressed.photo.goodreads.com/books/1388314207l/24768.jpg,"Gorgeous. Popular. Perfect. Perfectly wrong. Tally has finally become pretty. Now her looks are beyond perfect, her clothes are awesome, her boyfriend is totally hot, and she's completely popular. It's everything she's ever wanted. But beneath all the fun - the nonstop parties, the high-tech luxury, the total freedom - is a nagging sense that something's wrong. Something important. Then a message from Tally's ugly past arrives. Reading it, Tally remembers what's wrong with pretty life, and the fun stops cold.",,Uglies,2
358,9780689865404,Specials,Scott Westerfeld,Young Adult,14.99,15,Active,https://i.gr-assets.com/images/S/compressed.photo.goodreads.com/books/1390340887l/24765.jpg,"""Special Circumstances"": The words have sent chills down Tally's spine since her days as a repellent, rebellious ugly. Back then Specials were a sinister rumor - frighteningly beautiful, dangerously strong, breathtakingly fast. Ordinary pretties might live their whole lives without meeting a Special. But Tally's never been ordinary. And now she's been turned into one of them: a superamped fighting machine, engineered to keep the uglies down and the pretties stupid. The strength, the speed, and the clarity and focus of her thinking feel better than anything Tally can remember. Most of the time.",,Uglies,3
359,9781416951179,Extras,Scott Westerfeld,Young Adult,8.99,10,Active,https://i.gr-assets.com/images/S/compressed.photo.goodreads.com/books/1388187650l/493456.jpg,"A few years after rebel Tally Youngblood takes down the Specials regime, a cultural renaissance sweeps the world. ""Tech-heads"" flaunt their latest gadgets, ""kickers"" spread gossip and trends, and ""surge monkeys"" are hooked on extreme plastic surgery. Popularity rules, and everyone craves fame. Fifteen-year-old Aya Fuse is no exception. But Aya's face rank is so low, she's a total nobody. An extra. Her only chance at stardom is to kick a wild and unexpected story. Then she stumbles upon a big secret. Aya knows she is on the cusp of celebrity. But the information she is about to disclose will change both her fate... and that of the brave new world.",,Uglies,4
360,9780143037149,The Memory Keeper's Daughter,Kim Edwards,Fiction,10.99,9,Active,https://i.gr-assets.com/images/S/compressed.photo.goodreads.com/books/1552112312l/10441._SY475_.jpg,"On a winter night in 1964, Dr. David Henry is forced by a blizzard to deliver his own twins. His son, born first, is perfectly healthy. Yet when his daughter is born, he sees immediately that she has Down's Syndrome. Rationalizing it as a need to protect Norah, his wife, he makes a split-second decision that will alter all of their lives forever. He asks his nurse to take the baby away to an institution and never to reveal the secret. But Caroline, the nurse, cannot leave the infant. Instead, she disappears into another city to raise the child herself.",,,
361,9780316017923,Outliers: The Story of Success,Malcolm Gladwell,Science & Nature,14.99,23,Active,https://i.gr-assets.com/images/S/compressed.photo.goodreads.com/books/1344266315l/3228917.jpg,"Malcolm Gladwell explores what makes high achievers different. Rather than focusing only on individual traits, he examines how culture, family, generation, and formative experiences shape the opportunities behind success.",,,
362,9781595141743,Vampire Academy,Richelle Mead,Young Adult,13.99,10,Active,https://i.gr-assets.com/images/S/compressed.photo.goodreads.com/books/1361098973l/345627.jpg,"Lissa Dragomir is a Moroi princess: a mortal vampire with a rare gift for harnessing the earth's magic. She must be protected at all times from Strigoi; the fiercest vampires - the ones who never die. The powerful blend of human and vampire blood that flows through Rose Hathaway, Lissa's best friend, makes her a dhampir. Rose is dedicated to a dangerous life of protecting Lissa from the Strigoi, who are hell-bent on making Lissa one of them.",,Vampire Academy,1
363,9781595141750,Frostbite,Richelle Mead,Young Adult,9.99,23,Active,https://i.gr-assets.com/images/S/compressed.photo.goodreads.com/books/1361098960l/2282133._SY475_.jpg,"Lissa Dragomir is a Moroi princess: a mortal vampire with a rare gift for harnessing the earth's magic. She must be protected at all times from Strigoi; the fiercest vampires - the ones who never die. The powerful blend of human and vampire blood that flows through Rose Hathaway, Lissa's best friend, makes her a Dhampir. Rose is dedicated to a dangerous life of protecting Lissa from the Strigoi, who are hell-bent on making Lissa one of them. Rose has serious guy trouble.",,Vampire Academy,2
364,9781595141972,Shadow Kiss,Richelle Mead,Young Adult,14.99,19,Active,https://i.gr-assets.com/images/S/compressed.photo.goodreads.com/books/1361099049l/2802316._SY475_.jpg,"Lissa Dragomir is a Moroi princess: a mortal vampire with a rare gift for harnessing the earth's magic. She must be protected at all times from Strigoi; the fiercest vampires - the ones who never die. The powerful blend of human and vampire blood that flows through Rose Hathaway, Lissa's best friend, makes her a Dhampir. Rose is dedicated to a dangerous life of protecting Lissa from the Strigoi, who are hell-bent on making Lissa one of them. Rose knows it is forbidden to love another guardian. Her best friend, Lissa - the last Dragomir princess - must always come first.",,Vampire Academy,3
365,9781595141989,Blood Promise,Richelle Mead,Young Adult,9.99,10,Active,https://i.gr-assets.com/images/S/compressed.photo.goodreads.com/books/1442530605l/5996153.jpg,"Bound by love, but sworn to kill... The world thought Dimitri was dead. And to a certain extent, he was. But I hadn't been able to forget a conversation he and I had once had. We'd both agreed that we'd rather be dead - truly dead - than walk the world as Strigoi. It was time to honor our words. Guardian Rose Hathaway's life will never be the same. The recent attack on St. Vladimir's Academy devastated the entire Moroi world. Many are dead. And, for the few victims carried off by Strigoi, their fates are even worse. A rare tattoo now adorns Rose's neck; a mark that says she's killed far too many Strigoi to count. But only one victim matters...",,Vampire Academy,4
366,9781595142504,Spirit Bound,Richelle Mead,Young Adult,12.99,0,Active,https://i.gr-assets.com/images/S/compressed.photo.goodreads.com/books/1291168967l/6479259._SY475_.jpg,"After a long and heartbreaking journey to Siberia, Dimitri's birthplace, Rose Hathaway has finally returned to St. Vladimir's - and to her best friend, Lissa Dragomir. It's graduation, and the girls can't wait for their real lives outside the academy's cold iron gates to finally begin.",,Vampire Academy,5
367,9781595143068,Last Sacrifice,Richelle Mead,Young Adult,13.99,13,Active,https://i.gr-assets.com/images/S/compressed.photo.goodreads.com/books/1319850978l/6527740._SY475_.jpg,"Rose Hathaway has always played by her own rules. She broke the law when she ran away from St. Vladimir's Academy with her best friend and last surviving Dragomir princess, Lissa.",,Vampire Academy,6
368,9781476712048,Beautiful Disaster,Jamie McGuire,Romance,14.99,19,Active,https://i.gr-assets.com/images/S/compressed.photo.goodreads.com/books/1358259032l/11505797.jpg,"The new Abby Abernathy is a good girl. She doesn't drink or swear, and she has the appropriate number of cardigans in her wardrobe. Abby believes she has enough distance from the darkness of her past, but when she arrives at college with her best friend, her path to a new beginning is quickly challenged by Eastern University's Walking One-Night Stand. Travis Maddox, lean, cut, and covered in tattoos, is exactly what Abby needs - and wants - to avoid. He spends his nights winning money in a floating fight ring, and his days as the ultimate college campus charmer.",,Beautiful,1
369,9781476712987,Walking Disaster,Jamie McGuire,Romance,14.99,19,Active,https://i.gr-assets.com/images/S/compressed.photo.goodreads.com/books/1352338368l/15745950.jpg,"In Walking Disaster, the life of Travis is full of fast women, underground gambling, and violence. But just when he thinks he is invincible, Abby Abernathy brings him to his knees. Every story has two sides. In Beautiful Disaster, Abby had her say. Now it's time to see the story through Travis's eyes.",,Beautiful,2
370,9781476759548,A Beautiful Wedding,Jamie McGuire,Romance,11.99,4,Active,https://i.gr-assets.com/images/S/compressed.photo.goodreads.com/books/1384555141l/18528454.jpg,"This Beautiful series novella explores Abby and Travis Maddox's secret elopement. It reveals why Abby proposed, what the couple shared before the ceremony, and the events surrounding their wedding day and night.",,Beautiful,2.5
371,9780060853969,"Good Omens: The Nice and Accurate Prophecies of Agnes Nutter, Witch","Terry Pratchett, Neil Gaiman",Fantasy,13.99,15,Active,https://i.gr-assets.com/images/S/compressed.photo.goodreads.com/books/1392528568l/12067.jpg,"'Armageddon only happens once, you know. They don't let you go around again until you get it right.'People have been predicting the end of the world almost from its very beginning, so it's only natural to be sceptical when a new date is set for Judgement Day. But what if, for once, the predictions are right, and the apocalypse really is due to arrive next Saturday, just after tea? You could spend the time left drowning your sorrows, giving away all your possessions in preparation for the rapture, or laughing it off as (hopefully) just another hoax. Or you could just try to do something about it.",,,
372,9780446528054,Dear John,Nicholas Sparks,Romance,11.99,5,Active,https://i.gr-assets.com/images/S/compressed.photo.goodreads.com/books/1397749854l/5526.jpg,"An angry rebel, John dropped out of school and enlisted in the Army, not knowing what else to do with his life - until he meets the girl of his dreams, Savannah. Their mutual attraction quickly grows into the kind of love that leaves Savannah waiting for John to finish his tour of duty, and John wanting to settle down with the woman who has captured his heart. But 9/11 changes everything. John feels it is his duty to re-enlist. And sadly, the long separation finds Savannah falling in love with someone else. Dear John, the letter read... and with those two words, a heart was broken and two lives were changed forever.",,,
373,9780007205233,Angela's Ashes,Frank McCourt,Memoir & Biography,16.99,12,Active,https://i.gr-assets.com/images/S/compressed.photo.goodreads.com/books/1348317139l/252577.jpg,"Frank McCourt recounts a childhood that began in Depression-era Brooklyn and continued in the slums of Limerick, Ireland. His memoir describes the hardships of an Irish Catholic upbringing with humor and compassion.",,Frank McCourt,1
374,9780006551812,'Tis,Frank McCourt,Memoir & Biography,14.99,0,Active,https://i.gr-assets.com/images/S/compressed.photo.goodreads.com/books/1375947803l/4912.jpg,"The sequel to Frank McCourt's memoir of his Irish Catholic boyhood, Angela's Ashes, picks up the story in October 1949, upon his arrival in America. Though he was born in New York, the family had returned to Ireland due to poor prospects in the United States. Now back on American soil, this awkward 19-year-old, with his ""pimply face, sore eyes, and bad teeth,"" has little in common with the healthy, self-assured college students he sees on the subway and dreams of joining in the classroom.",,Frank McCourt,2
375,9780743243780,Teacher Man,Frank McCourt,Memoir & Biography,16.99,16,Active,https://i.gr-assets.com/images/S/compressed.photo.goodreads.com/books/1441149612l/4909._SY475_.jpg,Frank McCourt reflects on his thirty-year teaching career and the experiences that shaped his later life as a writer. The memoir also pays tribute to the work of teachers.,,Frank McCourt,3
376,9780316042673,Beautiful Creatures,"Kami Garcia, Margaret Stohl",Young Adult,9.99,20,Active,https://i.gr-assets.com/images/S/compressed.photo.goodreads.com/books/1327873282l/6304335.jpg,"Lena Duchannes is unlike anyone the small Southern town of Gatlin has ever seen, and she's struggling to conceal her power, and a curse that has haunted her family for generations. But even within the overgrown gardens, murky swamps and crumbling graveyards of the forgotten South, a secret cannot stay hidden forever. Ethan Wate, who has been counting the months until he can escape from Gatlin, is haunted by dreams of a beautiful girl he has never met. When Lena moves into the town's oldest and most infamous plantation, Ethan is inexplicably drawn to her and determined to uncover the connection between them.",,Beautiful Creatures,1
377,9780316077057,Beautiful Darkness,"Kami Garcia, Margaret Stohl",Young Adult,12.99,9,Active,https://i.gr-assets.com/images/S/compressed.photo.goodreads.com/books/1327879100l/7842288.jpg,"Ethan Wate used to think of Gatlin as a place where nothing ever changed. Then mysterious newcomer Lena Duchannes revealed a secret world of curses and Supernaturals with terrifying abilities. Lena showed him a Gatlin where impossible, magical, life-altering events happen. Sometimes life-ending. And now that Ethan's eyes have been opened to the darker side of Gatlin, there's no going back.",,Beautiful Creatures,2
378,9780316197045,Dream Dark,"Kami Garcia, Margaret Stohl",Young Adult,11.99,11,Active,https://i.gr-assets.com/images/S/compressed.photo.goodreads.com/books/1307480317l/11568316.jpg,"When Link joined his best friend, Ethan Wate, on a quest through a mysterious network of underground passageways endlessly crisscrossing the South, he knew the journey would be dangerous. But returning home to Gatlin, South Carolina was just the beginning... Wounded during a climactic battle, Link discovers that tending his injuries won't be as simple as visiting a doctor and that healing his arm should be the least of his worries. For being bitten by a Supernatural does more than break the skin - it changes a person, inside and out, turning Link into someone more and more like the dark creature who injured him.",,Beautiful Creatures,2.5
379,9780316123525,Beautiful Chaos,"Kami Garcia, Margaret Stohl",Young Adult,13.99,24,Active,https://i.gr-assets.com/images/S/compressed.photo.goodreads.com/books/1327878503l/10757833.jpg,"Ethan Wate thought he was getting used to the strange, impossible events happening in Gatlin, his small Southern town. But now that Ethan and Lena have returned home, strange and impossible have taken on new meanings. Swarms of locusts, record-breaking heat, and devastating storms ravage Gatlin as Ethan and Lena struggle to understand the impact of Lena's Claiming. Even Lena's family of powerful Supernaturals is affected - and their abilities begin to dangerously misfire. As time passes, one question becomes clear: What - or who - will need to be sacrificed to save Gatlin? For Ethan, the chaos is a frightening but welcome distraction.",,Beautiful Creatures,3
380,9780316123532,Beautiful Redemption,"Kami Garcia, Margaret Stohl",Fantasy,9.99,23,Active,https://i.gr-assets.com/images/S/compressed.photo.goodreads.com/books/1331049809l/7930335.jpg,"Is death the end... or only the beginning? Ethan Wate has spent most of his life longing to escape the stiflingly small Southern town of Gatlin. He never thought he would meet the girl of his dreams, Lena Duchannes, who unveiled a secretive, powerful, and cursed side of Gatlin, hidden in plain sight. And he never could have expected that he would be forced to leave behind everyone and everything he cares about. So when Ethan awakes after the chilling events of the Eighteenth Moon, he has only one goal: to find a way to return to Lena and the ones he loves.",,Beautiful Creatures,4
381,9780964729230,The Shack,William Paul Young,Fiction,13.99,23,Active,https://i.gr-assets.com/images/S/compressed.photo.goodreads.com/books/1532013572l/40874325._SY475_.jpg,"Mackenzie Allen Phillips's youngest daughter, Missy, has been abducted during a family vacation, and evidence that she may have been brutally murdered is found in an abandoned shack deep in the Oregon wilderness. Four years later, in the midst of his Great Sadness, Mack receives a suspicious note, apparently from God, inviting him back to that shack for a weekend.",,,
382,9780399159343,The Husband's Secret,Liane Moriarty,Fiction,8.99,22,Active,https://i.gr-assets.com/images/S/compressed.photo.goodreads.com/books/1460577225l/17802724.jpg,"Cecilia Fitzpatrick discovers a letter from her husband that is meant to be opened after his death. He is still alive, and the letter contains a secret with the power to destroy their family's carefully built life and the lives of others.",,,
383,9780062457714,The Subtle Art of Not Giving a F*ck: A Counterintuitive Approach to Living a Good Life,Mark Manson,Business & Economics,18.99,13,Active,https://i.gr-assets.com/images/S/compressed.photo.goodreads.com/books/1465761302l/28257707.jpg,"Mark Manson challenges the idea that constant positivity is the key to happiness. This self-help guide argues for facing difficult realities honestly rather than sugarcoating them, offering a blunt approach to becoming a better, happier person.",,,
384,9780679745587,In Cold Blood,Truman Capote,Memoir & Biography,10.99,8,Active,https://i.gr-assets.com/images/S/compressed.photo.goodreads.com/books/1424931136l/168642.jpg,"On November 15, 1959, in the small town of Holcomb, Kansas, four members of the Clutter family were savagely murdered by blasts from a shotgun held a few inches from their faces. There was no apparent motive for the crime, and there were almost no clues. As Truman Capote reconstructs the murder and the investigation that led to the capture, trial, and execution of the killers, he generates both mesmerizing suspense and astonishing empathy. At the center of his study are the amoral young killers Perry Smith and Dick Hickcock, who, vividly drawn by Capote, are shown to be reprehensible yet entirely and frighteningly human.",,,
385,9780192802637,Persuasion,Jane Austen,Classics,7.99,15,Active,https://i.gr-assets.com/images/S/compressed.photo.goodreads.com/books/1385172413l/2156.jpg,"Twenty-seven-year old Anne Elliot is Austen's most adult heroine. Eight years before the story proper begins, she is happily betrothed to a naval officer, Frederick Wentworth, but she precipitously breaks off the engagement when persuaded by her friend Lady Russell that such a match is unworthy. The breakup produces in Anne a deep and long-lasting regret. When later Wentworth returns from sea a rich and successful captain, he finds Anne's family on the brink of financial ruin and his own sister a tenant in Kellynch Hall, the Elliot estate.",,,
386,9780743269513,The 7 Habits of Highly Effective People: Powerful Lessons in Personal Change,"Stephen R. Covey, Jim Collins (Foreward, Contributor)",Psychology & Self-Help,13.99,12,Active,https://i.gr-assets.com/images/S/compressed.photo.goodreads.com/books/1421842784l/36072.jpg,Stephen Covey presents a model for personal effectiveness and lasting change. The book encourages readers to examine their habits and make deliberate choices that help them live more effectively and move toward their goals.,,,
387,9780060759957,Divine Secrets of the Ya-Ya Sisterhood,Rebecca Wells,Fiction,11.99,15,Active,https://i.gr-assets.com/images/S/compressed.photo.goodreads.com/books/1408313524l/137791.jpg,"When Siddalee Walker, oldest daughter of Vivi Abbott Walker, Ya-Ya extraordinaire, is interviewed in the New York Times about a hit play she's directed, her mother gets described as a ""tap-dancing child abuser."" Enraged, Vivi disowns Sidda. Devastated, Sidda begs forgiveness, and postpones her upcoming wedding. All looks bleak until the Ya-Yas step in and convince Vivi to send Sidda a scrapbook of their girlhood mementos, called ""Divine Secrets of the Ya-Ya Sisterhood.""",,Ya Yas,1
388,9780060759964,Little Altars Everywhere,Rebecca Wells,Fiction,11.99,12,Active,https://i.gr-assets.com/images/S/compressed.photo.goodreads.com/books/1428535264l/6697.jpg,"A companion to Divine Secrets of the Ya-Ya Sisterhood, this novel introduces Sidda, Vivi, the Walker family, and the indomitable Ya-Yas.",,Ya Yas,2
389,9780609608449,"The Devil in the White City: Murder, Magic, and Madness at the Fair That Changed America",Erik Larson,Memoir & Biography,14.99,8,Active,https://i.gr-assets.com/images/S/compressed.photo.goodreads.com/books/1583433024l/397483.jpg,"Erik Larson recounts the intertwined stories of two men during the 1893 Chicago World's Fair: Daniel H. Burnham, the architect responsible for its construction, and H. H. Holmes, a serial killer who posed as a charming doctor.",,,
390,9780143135692,The Color Purple,Alice Walker,Classics,10.99,9,Active,https://i.gr-assets.com/images/S/compressed.photo.goodreads.com/books/1572261616l/52892857._SX318_SY475_.jpg,"The Color Purple depicts the lives of African American women in early twentieth-century rural Georgia. Separated as girls, sisters Celie and Nettie sustain their loyalty to and hope in each other across time, distance and silence.",,The Color Purple Collection,1
391,9780753819487,The Temple of My Familiar,Alice Walker,Fiction,13.99,4,Active,https://i.gr-assets.com/images/S/compressed.photo.goodreads.com/books/1170553835l/60937._SY475_.jpg,"A visionary cast of characters weave together their past and present in a brilliantly intricate tapestry of tales. It is the story of the dispossessed and displaced, of peoples whose history is ancient and whose future is yet to come. Here we meet Lissie, a woman of many pasts; Arveyda the great guitarist and his Latin American wife who has had to flee her homeland; Suwelo, the history teacher, and his former wife Fanny who has fallen in love with spirits. Hovering tantalisingly above their stories are Miss Celie and Shug, the beloved characters from The Color Purple.",,The Color Purple Collection,2
392,9780671789459,Possessing the Secret of Joy,Alice Walker,Fiction,11.99,8,Active,https://i.gr-assets.com/images/S/compressed.photo.goodreads.com/books/1170553834l/60935.jpg,"Possessing the Secret of Joy is the story of Tashi, a tribal African woman who lives much of her adult life in North America. As a young woman, a misguided loyalty to the customs of her people led her to voluntarily submit to the tsunga's knife and be genitally mutilated (pharoanoically circumcised). Severely traumatized by this experience, she spends the rest of her life battling madness, trying desperately through psychotherapy - she is treated by disciples of both Freud and C. G. Jung, and even by Jung himself - to regain the ability to recognize her own reality and to feel.",,The Color Purple Collection,3
393,9781416524304,Carrie,Stephen King,Horror,11.99,10,Active,https://i.gr-assets.com/images/S/compressed.photo.goodreads.com/books/1166254258l/10592._SY475_.jpg,Misunderstood high school student Carrie White possesses extraordinary telekinetic powers. Her isolation and suffering build toward a violent act of revenge in Stephen King's debut novel.,,,
394,9780312353766,The Red Tent,Anita Diamant,Historical Fiction,12.99,12,Active,https://i.gr-assets.com/images/S/compressed.photo.goodreads.com/books/1405739117l/4989.jpg,"Her name is Dinah. In the Bible, her life is only hinted at in a brief and violent detour within the more familiar chapters of the Book of Genesis that are about her father, Jacob, and his dozen sons. Told in Dinah's voice, this novel reveals the traditions and turmoils of ancient womanhood - the world of the red tent. It begins with the story of her mothers - Leah, Rachel, Zilpah, and Bilhah - the four wives of Jacob. They love Dinah and give her gifts that sustain her through a hard-working youth, a calling to midwifery, and a new home in a foreign land.",,,
395,9780385751070,The Boy in the Striped Pajamas,John Boyne,Historical Fiction,16.99,13,Active,https://i.gr-assets.com/images/S/compressed.photo.goodreads.com/books/1366228171l/39999.jpg,"If you start to read this book, you will go on a journey with a nine-year-old boy named Bruno. (Though this isn't a book for nine-year-olds.) And sooner or later you will arrive with Bruno at a fence. Fences like this exist all over the world. We hope you never have to encounter one.",,,
396,9781501143519,The Gunslinger,Stephen King,Fantasy,10.99,3,Active,https://i.gr-assets.com/images/S/compressed.photo.goodreads.com/books/1554220416l/43615.jpg,"Roland of Gilead, the last gunslinger, journeys through a desolate world that mirrors our own. While pursuing the Man in Black, he encounters a woman named Alice and forms a friendship with Jake, a boy from Earth. This novel begins the Dark Tower series.",,The Dark Tower,1
397,9780451210852,The Drawing of the Three,Stephen King,Fantasy,16.99,22,Active,https://i.gr-assets.com/images/S/compressed.photo.goodreads.com/books/1370918050l/5094.jpg,"While pursuing his quest for the Dark Tower through a world that is a nightmarishly distorted mirror image of our own, Roland, the last gunslinger, encounters three mysterious doorways on the beach. Each one enters into the life of a different person living in contemporary New York. Here he links forces with the defiant young Eddie Dean and the beautiful, brilliant, and brave Odetta Holmes, in a savage struggle against underworld evil and otherworldly enemies. Once again, Stephen King has masterfully interwoven dark, evocative fantasy and icy realism.",,The Dark Tower,2
398,9780670032563,The Waste Lands,Stephen King,Fantasy,9.99,20,Active,https://i.gr-assets.com/images/S/compressed.photo.goodreads.com/books/1554220386l/34084.jpg,"Several months have passed, and Roland's two new tet-mates have become proficient gunslingers. Eddie Dean has given up heroin, and Odetta's two selves have joined, becoming the stronger and more balanced personality of Susannah Dean. But while battling The Pusher in 1977 New York, Roland altered ka by saving the life of Jake Chambers, a boy who - in Roland's where and when - has already died. Now Roland and Jake exist in different worlds, but they are joined by the same madness: the paradox of double memories. Roland, Susannah, and Eddie must draw Jake into Mid-World then follow the Path of the Beam all the way to the Dark Tower.",,The Dark Tower,3
399,9780340829783,Wizard and Glass,Stephen King,Fantasy,14.99,23,Active,https://i.gr-assets.com/images/S/compressed.photo.goodreads.com/books/1327946510l/5096.jpg,"Roland, Eddie, Susannah, Jake, and Jake's pet bumbler survive Blaine the Mono's final crash, only to find themselves stranded in an alternate version of Topeka, Kansas, one that has been ravaged by the superflu virus. While following the deserted I-70 toward a distant glass palace, they hear the atonal squalling of a thinny, a place where the fabric of existence has almost entirely worn away. While camping near the edge of the thinny, Roland tells his ka-tet a story about another thinny, one that he encountered when he was little more than a boy.",,The Dark Tower,4
400,9781451658903,The Wind Through the Keyhole,Stephen King,Fantasy,14.99,16,Active,https://i.gr-assets.com/images/S/compressed.photo.goodreads.com/books/1328001524l/12341557.jpg,"Stephen King returns to the rich landscape of Mid-World, the spectacular territory of the Dark Tower fantasy saga that stands as his most beguiling achievement. Roland Deschain and his ka-tet - Jake, Susannah, Eddie, and Oy, the billy-bumbler - encounter a ferocious storm just after crossing the River Whye on their way to the Outer Baronies. As they shelter from the howling gale, Roland tells his friends not just one strange story but two... and in so doing, casts new light on his own troubled past.",,The Dark Tower,4.5
401,9781416516934,Wolves of the Calla,Stephen King,Fantasy,16.99,12,Active,https://i.gr-assets.com/images/S/compressed.photo.goodreads.com/books/1419360231l/4978._SY475_.jpg,"Roland and his tet have just returned to the path of the Beam when they discover that they are being followed by a group of inexperienced trackers. The trackers are from the town of Calla Bryn Sturgis, and they desperately need the help of gunslingers. Once every generation, a band of masked riders known as the Wolves gallop out of the dark land of Thunderclap to steal one half of all the twins born in the Callas. When the children are returned, they are roont, or mentally and physically ruined. In less than a month, the Wolves will raid again.",,The Dark Tower,5
402,9781880418598,Song of Susannah,"Stephen King, Darrel Anderson (Illustrations)",Fantasy,8.99,15,Active,https://i.gr-assets.com/images/S/compressed.photo.goodreads.com/books/1554221361l/5093._SY475_.jpg,"The Wolves have been defeated, but our tet faces yet another catastrophe. Susannah Dean's body has been usurped by a demon named Mia who wants to use Susannah's mortal form to bear a demon child. Stealing Black Thirteen, Mia has traveled through the Unfound Door to 1999 New York where she plans to give birth to her chap, a child born of two mothers and two fathers who will grow up to be Roland's nemesis. With the help of the time-traveling Manni, Roland and Eddie plan to follow Susannah while Father Callahan and Jake will find Calvin Tower, owner of the vacant lot where a magical rose grows: a rose that must be saved at all costs.",,The Dark Tower,6
403,9781880418628,The Dark Tower,Stephen King,Fantasy,10.99,9,Active,https://i.gr-assets.com/images/S/compressed.photo.goodreads.com/books/1372296329l/5091._SY475_.jpg,Roland Deschain draws closer to his ultimate goal in the seventh and final Dark Tower novel. The long journey of the last gunslinger approaches its conclusion as the pieces of his quest come together.,,The Dark Tower,7
404,9781466822498,The Diary of Darcy J. Rhone,Emily Giffin,Fiction,13.99,9,Active,https://i.gr-assets.com/images/S/compressed.photo.goodreads.com/books/1339463753l/15633168.jpg,"Darcy and Rachel's high school adventures offer a glimpse of their lives before the events of Something Borrowed and Something Blue, before college, law school, and Dex.",,Darcy & Rachel,0.5
405,9780312321185,Something Borrowed,Emily Giffin,Romance,12.99,9,Active,https://i.gr-assets.com/images/S/compressed.photo.goodreads.com/books/1305063535l/42156.jpg,"Something Borrowed tells the story of Rachel, a young attorney living and working in Manhattan. Rachel has always been the consummate good girl - until her thirtieth birthday, when her best friend, Darcy, throws her a party. That night, after too many drinks, Rachel ends up in bed with Darcy's fiancé. Although she wakes up determined to put the one-night fling behind her, Rachel is horrified to discover that she has genuine feelings for the one guy she should run from. As the September wedding date nears, Rachel knows she has to make a choice.",,Darcy & Rachel,1
406,9780312323868,Something Blue,Emily Giffin,Romance,10.99,17,Active,https://i.gr-assets.com/images/S/compressed.photo.goodreads.com/books/1442612396l/42155._SY475_.jpg,"Following the smash-hit Something Borrowed comes story of betrayal, redemption, and forgiveness Darcy Rhone has always been able to rely on a few things: Her beauty and charm. Her fiance, Dex. Her lifelong best friend, Rachel. She never needed anything else. Or so she thinks until Dex calls off their dream wedding and she uncovers the ultimate betrayal. Blaming everyone but herself, Darcy flees to London and attempts to re-create her glamorous life on a new continent. But to her dismay, she discovers that her tried-and-true tricks no longer apply - and that her luck has finally expired.",,Darcy & Rachel,2
407,9781250301697,The Silent Patient,Alex Michaelides,Mystery,16.99,14,Active,https://i.gr-assets.com/images/S/compressed.photo.goodreads.com/books/1582759969l/40097951._SX318_.jpg,"Alicia Berenson's life is seemingly perfect. A famous painter married to an in-demand fashion photographer, she lives in a grand house with big windows overlooking a park in one of London's most desirable areas. One evening her husband Gabriel returns home late from a fashion shoot, and Alicia shoots him five times in the face, and then never speaks another word. Alicia's refusal to talk, or give any kind of explanation, turns a domestic tragedy into something far grander, a mystery that captures the public imagination and casts Alicia into notoriety.",,,
408,9780446547567,The Last Song,Nicholas Sparks,Romance,16.99,19,Active,https://i.gr-assets.com/images/S/compressed.photo.goodreads.com/books/1286549186l/6400090.jpg,"Seventeen-year-old Veronica 'Ronnie' Miller's life was turned upside-down when her parents divorced and her father moved from New York City to Wilmington, North Carolina. Three years later, she remains angry and alienated from her parents, especially her father... until her mother decides it would be in everyone's best interest if she spent the summer in Wilmington with him. Ronnie's father, a former concert pianist and teacher, is living a quiet life in the beach town, immersed in creating a work of art that will become the centerpiece of a local church.",,,
409,9780062498533,The Hate U Give,Angie Thomas,Young Adult,14.99,17,Active,https://i.gr-assets.com/images/S/compressed.photo.goodreads.com/books/1476284759l/32075671._SY475_.jpg,"Sixteen-year-old Starr Carter moves between two worlds: the poor neighborhood where she lives and the fancy suburban prep school she attends. The uneasy balance between these worlds is shattered when Starr witnesses the fatal shooting of her childhood best friend Khalil at the hands of a police officer. Khalil was unarmed. Soon afterward, his death is a national headline. Some are calling him a thug, maybe even a drug dealer and a gangbanger. Protesters are taking to the streets in Khalil's name. Some cops and the local drug lord try to intimidate Starr and her family.",,The Hate U Give,1
410,9780062316097,Sapiens: A Brief History of Humankind,Yuval Noah Harari,History,11.99,19,Active,https://i.gr-assets.com/images/S/compressed.photo.goodreads.com/books/1595674533l/23692271._SY475_.jpg,"One hundred thousand years ago, at least six human species inhabited the earth. Today only Homo sapiens remains. Yuval Noah Harari explores how humanity came to dominate the planet and how major breakthroughs transformed human life.",,,
411,9780393355949,Fight Club,Chuck Palahniuk,Fiction,10.99,15,Active,https://i.gr-assets.com/images/S/compressed.photo.goodreads.com/books/1558216416l/36236124._SY475_.jpg,"An estranged narrator falls under the influence of Tyler Durden, who organizes secret after-hours boxing matches in bar basements. Their fights open a door into the darkness beneath ordinary modern life in Chuck Palahniuk's debut novel.",,,
412,9780450417399,Misery,Stephen King,Horror,13.99,12,Active,https://i.gr-assets.com/images/S/compressed.photo.goodreads.com/books/1554220401l/10614.jpg,"Paul Sheldon. He's a bestselling novelist who has finally met his biggest fan. Her name is Annie Wilkes and she is more than a rabid reader - she is Paul's nurse, tending his shattered body after an automobile accident. But she is also his captor, keeping him prisoner in her isolated house.",,,
413,9780786856398,The Artemis Fowl Files,Eoin Colfer,Fantasy,8.99,9,Active,https://i.gr-assets.com/images/S/compressed.photo.goodreads.com/books/1523336138l/114956.jpg,"A collection of Artemis Fowl stories and behind-the-scenes material, including interviews with Holly Short, Mulch Diggums, and Artemis. ""LEPrecon"" follows Holly's move from Traffic to Recon, while ""The Seventh Dwarf"" features Mulch, Butler, and Artemis.",,Artemis Fowl,0.5
414,9780786817870,Artemis Fowl,Eoin Colfer,Fantasy,16.99,10,Active,https://i.gr-assets.com/images/S/compressed.photo.goodreads.com/books/1327945104l/249747.jpg,"Twelve-year-old Artemis Fowl is a millionaire, a genius, and above all, a criminal mastermind. But even Artemis doesn't know what he's taken on when he kidnaps a fairy, Captain Holly Short of the LEPrecon Unit. These aren't the fairies of bedtime stories - they're dangerous! Full of unexpected twists and turns, Artemis Fowl is a riveting, magical adventure.",,Artemis Fowl,1
415,9780141318004,The Seventh Dwarf,Eoin Colfer,Fantasy,12.99,21,Active,https://i.gr-assets.com/images/S/compressed.photo.goodreads.com/books/1327164341l/904896.jpg,"Mulch Diggums, a dwarf on the run from the Lower Elements Police, is trying to get his hands on the priceless Fei Fei tiara. But stealing it seems too easy. That's because it is too easy. Artemis Fowl, the legendary twelve-year-old criminal mastermind, has set him up. He needs Mulch's help...",,Artemis Fowl,1.5
416,9781368036931,The Arctic Incident,Eoin Colfer,Fantasy,13.99,20,Active,https://i.gr-assets.com/images/S/compressed.photo.goodreads.com/books/1388294381l/114955.jpg,"Artemis Fowl wants to find his father, held hostage in Russia; Holly Short wants to find who's supplying the goblins with human technology; Foaly wants to find out who's disabled all the LEP Technology and pointed the finger at him. Artemis has received a ransom demand for his father but is captured by the LEP who suspect him of supplying the goblins with dangerous Human technology (batteries). He convinces them he's innocent and agrees to help them if they help him free his father. Meanwhile, down in the underground world, chaos has arisen.",,Artemis Fowl,2
417,9780141321318,The Eternity Code,Eoin Colfer,Fantasy,11.99,12,Active,https://i.gr-assets.com/images/S/compressed.photo.goodreads.com/books/1327945417l/227865.jpg,"Thirteen-year-old criminal mastermind Artemis Fowl has constructed a supercomputer from stolen fairy technology. In the wrong hands it could be fatal for humans and fairies alike. But no need to worry, Artemis has a brilliant plan. He's not going to use the computer; he's just going to show it to a ruthless American businessman with Mafia connections. His bodyguard, Butler, will be with him. What could possibly go wrong...?",,Artemis Fowl,3
418,9781423103998,The Opal Deception,Eoin Colfer,Fantasy,16.99,11,Active,https://i.gr-assets.com/images/S/compressed.photo.goodreads.com/books/1266475201l/114954.jpg,"The evil pixie Opal Koboi has spent the last year in a self-induced coma, plotting her revenge on all those who foiled her attempt to destroy the LEPrecon fairy police. And Artemis Fowl is at the top of her list. After his last run-in with the fairies, Artemis had his mind wiped of his memories of the world belowground. But they have not forgotten about him. Once again, he must stop the human and fairy worlds from colliding - only this time, Artemis faces an enemy who may have finally outsmarted him.",,Artemis Fowl,4
419,9780141320793,The Lost Colony,Eoin Colfer,Fantasy,13.99,14,Active,https://i.gr-assets.com/images/S/compressed.photo.goodreads.com/books/1522190376l/37586.jpg,"Ten thousand years ago, humans and fairies fought a great battle for the magical island of Ireland. When it became clear to the fairy families that they could never win, they decided to move their civilisation underground and keep themselves hidden from the humans. All the fairy families agreed on this, except the eighth family, the demons. The demons planned to lift their small island out of time until they had regrouped and were ready to wage war on the humans once more.",,Artemis Fowl,5
420,9781423108368,The Time Paradox,Eoin Colfer,Fantasy,14.99,9,Active,https://i.gr-assets.com/images/S/compressed.photo.goodreads.com/books/1522190483l/2179276.jpg,"After disappearing for three years, Artemis Fowl has returned to a life different from the one he left. Now he's a big brother, and spends his days teaching his twin siblings the important things in life, such as how to properly summon a waiter at a French restaurant. But when Artemis Fowl's mother contracts a life-threatening illness, his world is turned upside down. The only hope for a cure lies in the brain fluid of the silky sifaka lemur. Unfortunately, the animal is extinct due to a heartless bargain Artemis himself made as a younger boy.",,Artemis Fowl,6
421,9781423128199,The Atlantis Complex,Eoin Colfer,Fantasy,16.99,13,Active,https://i.gr-assets.com/images/S/compressed.photo.goodreads.com/books/1522213238l/7005865.jpg,"Young Artemis has frequently used high-tech fairy magic to mastermind the most devious criminal activity of the new century. Now, at a conference in Iceland, Artemis has gathered the fairies to present his latest idea to save the world from global warming. But Artemis is behaving strangely - he seems different. Something terrible has happened to him... Artemis Fowl has become nice. The fairies diagnose Atlantis Complex (that's obsessive compulsive disorder to you and I) - it seems dabbling in magic has damaged Artemis' main weapon: his mind.",,Artemis Fowl,7
422,9781423161615,The Last Guardian,Eoin Colfer,Fantasy,10.99,12,Active,https://i.gr-assets.com/images/S/compressed.photo.goodreads.com/books/1522745526l/9307674.jpg,"Opal Koboi, power-crazed pixie, is plotting to exterminate mankind and become fairy queen. If she succeeds, the spirits of long-dead fairy warriors will rise from the earth, inhabit the nearest available bodies and wreak mass destruction. But what happens if those nearest bodies include crows, or deer, or badgers - or two curious little boys by the names of Myles and Beckett Fowl? Yes, it's true. Criminal mastermind Artemis Fowl's four-year-old brothers could be involved in destroying the human race. Can Artemis and Captain Holly Short of the Lower Elements Police stop Opal and prevent the end of the world?",,Artemis Fowl,8
423,9780441008537,Dead Until Dark,Charlaine Harris,Fantasy,11.99,8,Active,https://i.gr-assets.com/images/S/compressed.photo.goodreads.com/books/1468560853l/301082._SY475_.jpg,Sookie Stackhouse is just a small-time cocktail waitress in small-town Louisiana. Until the vampire of her dreams walks into her life-and one of her coworkers checks out... Maybe having a vampire for a boyfriend isn't such a bright idea.,,Sookie Stackhouse,1
424,9781841493008,Living Dead in Dallas,Charlaine Harris,Fantasy,13.99,9,Active,https://i.gr-assets.com/images/S/compressed.photo.goodreads.com/books/1329501808l/110494.jpg,"Cocktail waitress Sookie Stackhouse is having a streak of bad luck. First her co-worker is killed, and no one seems to care. Then she comes face to-face with a beastly creature that gives her a painful and poisonous lashing. Enter the vampires, who graciously suck the poison from her veins (like they didn't enjoy it). The point is: they saved her life. So when one of the bloodsuckers asks for a favor, she obliges - and soon Sookie's in Dallas, using her telepathic skills to search for a missing vampire.",,Sookie Stackhouse,2
425,9780441010516,Club Dead,Charlaine Harris,Fantasy,10.99,12,Active,https://i.gr-assets.com/images/S/compressed.photo.goodreads.com/books/1329501590l/140082.jpg,"Things between cocktail waitress Sookie and her vampire boyfriend Bill seem to be going excellently (apart from the small matter of him being undead) until he leaves town for a while. A long while. Bill's sinister boss Eric has an idea of where to find him, whisking her off to Jackson, Mississippi to mingle with the under-underworld at Club Dead. When she finally catches up with the errant vampire, he is in big trouble and caught in an act of serious betrayal. This raises serious doubts as to whether she should save him or start sharpening a few stakes of her own..",,Sookie Stackhouse,3
426,9780441012183,Dead to the World,Charlaine Harris,Fantasy,14.99,13,Active,https://i.gr-assets.com/images/S/compressed.photo.goodreads.com/books/1468561630l/140077._SY475_.jpg,"Sookie Stackhouse is a cocktail waitress in Bon Temps, Louisiana. She has only a few close friends, because not everyone appreciates Sookie's gift: she can read minds. That's not exactly every man's idea of date bait - unless they're undead; vampires and the like can be tough to read. And that's just the kind of guy Sookie's been looking for. Maybe that's why, when she comes across a naked vampire, she doesn't just drive on by. He hasn't got a clue who he is, but Sookie has: Eric looks just as scary and sexy - and dead - as ever.",,Sookie Stackhouse,4
427,9780441013333,Dead as a Doornail,Charlaine Harris,Fantasy,11.99,21,Active,https://i.gr-assets.com/images/S/compressed.photo.goodreads.com/books/1468562419l/170210.jpg,"Small-town cocktail waitress Sookie Stackhouse has had more than her share of experience with the supernatural - but now it's really hitting close to home. When Sookie sees her brother Jason's eyes start to change, she knows he's about to turn into a were-panther for the first time - a transformation he embraces more readily than most shapeshifters she knows. But her concern becomes cold fear when a sniper sets his deadly sights on the local changeling population, and Jason's new panther brethren suspect he may be the shooter.",,Sookie Stackhouse,5
428,9780441014910,Definitely Dead,Charlaine Harris,Fantasy,12.99,1,Active,https://covers.openlibrary.org/b/isbn/9780441014910-L.jpg,Sookie travels to New Orleans to settle her late cousin's estate and is pulled into dangerous vampire politics and secrets surrounding the inheritance.,,Sookie Stackhouse,6
429,9780441014941,All Together Dead,Charlaine Harris,Fantasy,11.99,1,Active,https://i.gr-assets.com/images/S/compressed.photo.goodreads.com/books/1417964062l/140075.jpg,"Louisiana cocktail waitress Sookie Stackhouse has her hands full dealing with every sort of undead and paranormal creature imaginable. And after being betrayed by her longtime vampire love, Sookie must not only deal with a new man in her life - the shapeshifter Quinn - but also contend with the long-planned vampire summit. The summit is a tense situation. The vampire queen of Louisiana is in a precarious position, her power base weakened by hurricane damage to New Orleans. And there are some vamps who would like to finish what nature started. Soon, Sookie must decide what side she'll stand with.",,Sookie Stackhouse,7
430,9780441015894,From Dead to Worse,Charlaine Harris,Fantasy,16.99,15,Active,https://i.gr-assets.com/images/S/compressed.photo.goodreads.com/books/1525214511l/2233407.jpg,"After the natural disaster of Hurricane Katrina and the manmade explosion at the vampire summit, everyone human and otherwise is stressed, including Louisiana cocktail waitress Sookie Stackhouse, who is trying to cope with the fact that her boyfriend Quinn has gone missing. It's clear that things are changing whether the weres and vamps of her corner of Louisiana like it or not. And Sookie, Friend to the Pack and blood-bonded to Eric Northman, leader of the local vampire community is caught up in the changes. In the ensuing battles, Sookie faces danger, death, and once more, betrayal by someone she loves.",,Sookie Stackhouse,8
431,9780441017157,Dead and Gone,Charlaine Harris,Fantasy,13.99,23,Active,https://i.gr-assets.com/images/S/compressed.photo.goodreads.com/books/1388186195l/5161066.jpg,"The vamps have been out for years, and now the weres and shifters have decided to follow the lead of the undead and reveal their existence to the ordinary world. Sookie Stackhouse already knows about them, of course - her brother turns into a panther at the full moon, she's friend to the local were pack, and Sam, her boss at Merlotte's bar, is a shapeshifter. The great revelation goes well at first - then the horribly mutilated body of a were-panther is found in the parking lot of Merlotte's, and Sookie agrees to use her telepathic talent to track down the murderer.",,Sookie Stackhouse,9
432,9780441018642,Dead in the Family,Charlaine Harris,Fantasy,16.99,8,Active,https://i.gr-assets.com/images/S/compressed.photo.goodreads.com/books/1290479828l/7091488.jpg,"It's all about family... Sookie Stackhouse is dealing with a whole host of family problems, ranging from her own kin (a non-human fairy and a telepathic second cousin) demanding a place in her life, to her lover Eric's vampire sire, an ancient being who arrives with Eric's 'brother' in tow at a most inopportune moment. And Sookie's tracking down a distant relation of her ailing neighbour (and ex), Vampire Bill Compton. In addition to the multitude of family issues complicating her life, the werewolf pack of Shreveport has asked Sookie for a special favour, and since Sookie is an obliging young woman, she agrees.",,Sookie Stackhouse,10
433,9781937007355,Dead Reckoning,Charlaine Harris,Fantasy,10.99,20,Active,https://i.gr-assets.com/images/S/compressed.photo.goodreads.com/books/1357679465l/7981206.jpg,"With her knack for being in trouble's way, Sookie witnesses the firebombing of Merlotte's, the bar where she works. Since Sam Merlotte is now known to be two-natured, suspicion falls immediately on the anti-shifters in the area. Sookie suspects otherwise, but her attention is divided when she realizes that her lover Eric Northman and his ""child"" Pam are plotting to kill the vampire who is now their master. Gradually, Sookie is drawn into the plot-which is much more complicated than she knows...",,Sookie Stackhouse,11
434,9780575096578,Deadlocked,Charlaine Harris,Fantasy,12.99,8,Active,https://i.gr-assets.com/images/S/compressed.photo.goodreads.com/books/1357995380l/10407279.jpg,"Growing up with telepathic abilities, Sookie Stackhouse realized early on that there are things she'd rather not know. An now that she's an adult, she also realizes that some things she knows about, she'd rather not see - like Eric Northman feeding off another woman. A younger one. There's a thing or two she'd like to say about that, but she has to keep quiet - Felipe de Castro, the vampire king of Louisiana (and Arkansas and Nevada), is in town. It's the worst possible time for a human body to show up in Eric's front yard - especially the body of the woman whose blood he just drank.",,Sookie Stackhouse,12
435,9781937007881,Dead Ever After,Charlaine Harris,Fantasy,12.99,16,Active,https://i.gr-assets.com/images/S/compressed.photo.goodreads.com/books/1352158186l/15985348.jpg,"There are secrets in the town of Bon Temps, ones that threaten those closest to Sookie - and could destroy her heart... Sookie Stackhouse finds it easy to turn down the request of former barmaid Arlene when she wants her job back at Merlotte's. After all, Arlene tried to have Sookie killed. But her relationship with Eric Northman is not so clearcut. He and his vampires are keeping their distance... and a cold silence. And when Sookie learns the reason why, she is devastated. Then a shocking murder rocks Bon Temps, and Sookie is arrested for the crime. But the evidence against Sookie is weak, and she makes bail.",,Sookie Stackhouse,13
436,9780385738934,Fallen,Lauren Kate,Young Adult,10.99,17,Active,https://i.gr-assets.com/images/S/compressed.photo.goodreads.com/books/1440619649l/6487308._SY475_.jpg,"There's something achingly familiar about Daniel Grigori. Mysterious and aloof, he captures Luce Price's attention from the moment she sees him on her first day at the Sword & Cross boarding school in sultry Savannah, Georgia. He's the one bright spot in a place where cell phones are forbidden, the other students are all screw-ups, and security cameras watch every move. Even though Daniel wants nothing to do with Luce - and goes out of his way to make that very clear - she can't let it go. Drawn to him like a moth to a flame, she has to find out what Daniel is so desperate to keep secret... even if it kills her.",,Fallen,1
437,9780385739146,Torment,Lauren Kate,Young Adult,14.99,23,Active,https://i.gr-assets.com/images/S/compressed.photo.goodreads.com/books/1362339749l/7740152.jpg,"Hell on earth. That's what it's like for Luce to be apart from her fallen angel boyfriend, Daniel. It took them an eternity to find one another, but now he has told her he must go away. Just long enough to hunt down the Outcasts - immortals who want to kill Luce. Daniel hides Luce at Shoreline, a school on the rocky California coast with unusually gifted students: Nephilim, the offspring of fallen angels and humans. At Shoreline, Luce learns what the Shadows are, and how she can use them as windows to her previous lives. Yet the more Luce learns, the more she suspects that Daniel hasn't told her everything.",,Fallen,2
438,9780385739160,Passion,Lauren Kate,Young Adult,10.99,19,Active,https://i.gr-assets.com/images/S/compressed.photo.goodreads.com/books/1362339802l/9369720.jpg,"Luce would die for Daniel. And she has. Over and over again. Throughout time, Luce and Daniel have found each other, only to be painfully torn apart: Luce dead, Daniel left broken and alone. But perhaps it doesn't need to be that way... Luce is certain that something - or someone - in a past life can help her in her present one. So she begins the most important journey of this lifetime... going back eternities to witness firsthand her romances with Daniel... and finally unlock the key to making their love last. Cam and the legions of angels and Outcasts are desperate to catch Luce, but none are as frantic as Daniel.",,Fallen,3
439,9780375990670,Fallen in Love,Lauren Kate,Young Adult,8.99,22,Active,https://i.gr-assets.com/images/S/compressed.photo.goodreads.com/books/1362339849l/12588363.jpg,"And in a twist of fate, four extraordinary love stories intersect over the course of a romantic Valentine's Day in medieval England. Miles and Shelby find love where they least expect it. Roland learns a painful lesson about finding and losing love. Arriane pays the price for a love so fierce it burns. And for the first - and last - time, Daniel and Luce spend a night together like none other.",,Fallen,3.5
440,9780385739191,Rapture,Lauren Kate,Young Adult,12.99,9,Active,https://i.gr-assets.com/images/S/compressed.photo.goodreads.com/books/1362339818l/12716010.jpg,"When evil triumphs... when the world ends... trust your love. The sky is dark with wings... Like sand in an hourglass, time is running out for Luce and Daniel. To stop Lucifer from erasing the past, they must find the place where the angels fell to earth. Dark forces are after them, and Daniel doesn't know if he can do this - live only to lose Luce again and again. Yet together they will face an epic battle that will end with lifeless bodies... and angel dust. Great sacrifices are made. Hearts are destroyed. And suddenly Luce knows what must happen. For she was meant to be with someone other than Daniel.",,Fallen,4
441,9780385742634,Unforgiven,Lauren Kate,Fantasy,14.99,23,Active,https://i.gr-assets.com/images/S/compressed.photo.goodreads.com/books/1432630800l/24909485.jpg,"High school can be hell. Cam knows what it's like to be haunted. He's spent more time in Hell than any angel ever should. And his freshest Hell is high school, where Lilith, the girl he can't stop loving, is serving out a punishment for his crimes. Cam made a bet with Lucifer: he has fifteen days to convince the only girl who really matters to him to love him again. If he succeeds, Lilith will be allowed back into the world, and they can live their lives together. But if he fails... there's a special place in Hell just for him. Tick-tock.",,Fallen,5
442,9781442426719,To All the Boys I've Loved Before,Jenny Han,Young Adult,16.99,11,Active,https://i.gr-assets.com/images/S/compressed.photo.goodreads.com/books/1372086100l/15749186.jpg,"To All the Boys I've Loved Before is the story of Lara Jean, who has never openly admitted her crushes, but instead wrote each boy a letter about how she felt, sealed it, and hid it in a box under her bed. But one day Lara Jean discovers that somehow her secret box of letters has been mailed, causing all her crushes from her past to confront her about the letters: her first kiss, the boy from summer camp, even her sister's ex-boyfriend, Josh. As she learns to deal with her past loves face to face, Lara Jean discovers that something good may come out of these letters after all.",,To All the Boys I've Loved Before,1
443,9781442426733,P.S. I Still Love You,Jenny Han,Young Adult,8.99,22,Active,https://i.gr-assets.com/images/S/compressed.photo.goodreads.com/books/1422881430l/20698530.jpg,"Lara Jean didn't expect to really fall for Peter. She and Peter were just pretending. Except suddenly they weren't. Now Lara Jean is more confused than ever. When another boy from her past returns to her life, Lara Jean's feelings for him return too. Can a girl be in love with two boys at once?",,To All the Boys I've Loved Before,2
444,9781481430487,"Always and Forever, Lara Jean",Jenny Han,Young Adult,13.99,24,Active,https://i.gr-assets.com/images/S/compressed.photo.goodreads.com/books/1495992139l/35247769._SY475_.jpg,"Lara Jean is having the best senior year. And there's still so much to look forward to: a class trip to New York City, prom with her boyfriend Peter, Beach Week after graduation, and her dad's wedding to Ms. Rothschild. Then she'll be off to college with Peter, at a school close enough for her to come home and bake chocolate chip cookies on the weekends. Life couldn't be more perfect! At least, that's what Lara Jean thinks... until she gets some unexpected news. Now the girl who dreads change must rethink all her plans - but when your heart and your head are saying two different things, which one should you listen to?",,To All the Boys I've Loved Before,3
445,9780316010665,Blink: The Power of Thinking Without Thinking,Malcolm Gladwell,Science & Nature,18.99,9,Active,https://i.gr-assets.com/images/S/compressed.photo.goodreads.com/books/1440763417l/40102._SX318_.jpg,"Drawing on cutting-edge neuroscience and psychology and displaying all of the brilliance that made The Tipping Point a classic, Blink changes the way you'll understand every decision you make. Never again will you think about thinking the same way. Malcolm Gladwell redefined how we understand the world around us. Now, in Blink, he revolutionizes the way we understand the world within. Blink is a book about how we think without thinking, about choices that seem to be made in an instant - in the blink of an eye - that actually aren't as simple as they seem.",,,
446,9780374311254,Speak,Laurie Halse Anderson,Young Adult,13.99,1,Active,https://i.gr-assets.com/images/S/compressed.photo.goodreads.com/books/1529044298l/39280444.jpg,"The first ten lies they tell you in high school. ""Speak up for yourself - we want to know what you have to say."" From the first moment of her freshman year at Merryweather High, Melinda knows this is a big fat lie, part of the nonsense of high school. She is friendless, outcast, because she busted an end-of-summer party by calling the cops, so now nobody will talk to her, let alone listen to her. As time passes, she becomes increasingly isolated and practically stops talking altogether.",,,
447,9780345476876,Interview with the Vampire,Anne Rice,Horror,16.99,11,Active,https://i.gr-assets.com/images/S/compressed.photo.goodreads.com/books/1380631642l/43763.jpg,"This is the story of Louis, as told in his own words, of his journey through mortal and immortal life. Louis recounts how he became a vampire at the hands of the radiant and sinister Lestat and how he became indoctrinated, unwillingly, into the vampire way of life. His story ebbs and flows through the streets of New Orleans, defining crucial moments such as his discovery of the exquisite lost young child Claudia, wanting not to hurt but to comfort her with the last breaths of humanity he has inside. Yet, he makes Claudia a vampire, trapping her womanly passion, will, and intelligence inside the body of a small child.",,The Vampire Chronicles,1
448,9780345476883,The Vampire Lestat,Anne Rice,Horror,16.99,0,Active,https://i.gr-assets.com/images/S/compressed.photo.goodreads.com/books/1347515742l/43814.jpg,"Lestat moves from an aristocratic life in pre-revolutionary France to rock stardom in the 1980s. Across the centuries, he searches for other vampires and for answers to the mystery of his eternal existence.",,The Vampire Chronicles,2
449,9780345419620,The Queen of the Damned,Anne Rice,Horror,8.99,23,Active,https://i.gr-assets.com/images/S/compressed.photo.goodreads.com/books/1327871992l/43758.jpg,The Vampire Chronicles continue as the oldest and most powerful forces of the night are unleashed on an unsuspecting world. Anne Rice expands the dark universe introduced in Interview with the Vampire and The Vampire Lestat.,,The Vampire Chronicles,3
450,9780345419637,The Tale of the Body Thief,Anne Rice,Horror,14.99,3,Active,https://i.gr-assets.com/images/S/compressed.photo.goodreads.com/books/1556274035l/31336.jpg,"In a gripping feat of storytelling, Anne Rice continues the extraordinary Vampire Chronicles that began with the now-classic Interview with the Vampire. For centuries, Lestat - vampire-hero, enchanter, seducer of mortals - has been a courted prince in the dark and flourishing universe of the living dead. Now he is alone. And in his overwhelming need to destroy his doubts and his loneliness, Lestat embarks on the most dangerous enterprise he has undertaken in all the years of his haunted existence.",,The Vampire Chronicles,4
451,9780963192547,Memnoch the Devil,Anne Rice,Horror,8.99,12,Active,https://i.gr-assets.com/images/S/compressed.photo.goodreads.com/books/1506208231l/31338._SX318_.jpg,"In the fifth Vampire Chronicle, Lestat is searching for Dora, the beautiful and charismatic mortal daughter of a drug lord. Dora has moved Lestat like no other mortal ever has, and he cannot get her out of his visions. At the same time, he is increasingly aware that the Devil knows who he is and wants something from him. While torn between his vampire world and his passion for Dora, Lestat is sucked in by Memnoch, who claims to be the Devil himself. Memnoch presents Lestat with unimagined opportunities: to witness creation, to visit purgatory, to be treated like a prophet. Lestat faces a choice between the Devil or God.",,The Vampire Chronicles,5
452,9780345434807,The Vampire Armand,Anne Rice,Horror,9.99,15,Active,https://i.gr-assets.com/images/S/compressed.photo.goodreads.com/books/1388355184l/31332.jpg,"Armand's story unfolds across centuries, from his boyhood in the Kiev Rus under Mongol rule to Constantinople, where Tartar raiders sell him into slavery. The Vampire Chronicles turn to the past of one of their eternally young figures.",,The Vampire Chronicles,6
453,9780345422408,Merrick,Anne Rice,Fantasy,16.99,24,Active,https://i.gr-assets.com/images/S/compressed.photo.goodreads.com/books/1170230458l/43781.jpg,"Anne Rice brings together the worlds of the Vampire Chronicles and the Mayfair witches in a story that blends myth, magic, and the supernatural.",,The Vampire Chronicles,7
454,9780099271499,Blood And Gold,Anne Rice,Fantasy,16.99,22,Active,https://i.gr-assets.com/images/S/compressed.photo.goodreads.com/books/1168274792l/31341.jpg,"Here is the gorgeous and sinister story of Marius, patrician by birth, scholar by choice, one of the oldest vampires of them all, which sweeps from his genesis in ancient Rome, in the time of the Emperor Augustus, to his meeting in the present day with a creature of snow and ice. Thorne is a Northern vampire in search of Maharet, his 'maker', the ancient Egyptian vampire queen who holds him and others in thrall with chains made of her red hair, 'bound with steel and with her blood and gold'.",,The Vampire Chronicles,8
455,9780099446729,Blackwood Farm,Anne Rice,Fantasy,13.99,22,Active,https://i.gr-assets.com/images/S/compressed.photo.goodreads.com/books/1504134720l/31337.jpg,"Lestat is back, saviour and demon, presiding over a gothic story of family greed and hatred through generations, a terrifying drama of blood lust and betrayal, possession and matricide. Blackwood Farm with its grand Southern mansion, set among dark cypress swamps in Louisiana, harbours terrible blood-stained secrets and family ghosts. Heir to them all is Quinn Blackwood, young, rash and beautiful, himself a 'bloodhunter' whom Lestat takes under his wing. But Quinn is in thrall not only to the past and his own appetites but, even more dangerously, to a companion spirit, a 'goblin' succubus who could destroy him and others.",,The Vampire Chronicles,9
456,9780099460176,Blood Canticle,Anne Rice,Fantasy,14.99,20,Active,https://i.gr-assets.com/images/S/compressed.photo.goodreads.com/books/1567213308l/31331.jpg,"Lestat is back with a vengeance and in thrall to Rowan Mayfair. Both demon and angel, he is drawn to kill but tempted by goodness as he moves among the pantheon of Anne Rice's unforgettable characters. Julien Mayfair, his tormentor; Rowan, witch and neurosurgeon, who attracts spirits to herself, casts spells on others and finds herself dangerously drawn to Lestat; Patsy, country and western singer, who was killed by Quinn Blackwood and dumped in a swamp; Ash Templeton, a 5,000 year old Taltos whose genes live on in the Mayfairs.",,The Vampire Chronicles,10
457,9780307962522,Prince Lestat,Anne Rice,Horror,10.99,23,Active,https://i.gr-assets.com/images/S/compressed.photo.goodreads.com/books/1394635385l/21412673.jpg,"The vampire world is in crisis - their kind have been proliferating out of control and, thanks to technologies undreamed of in previous centuries, they can communicate as never before. Roused from their earth-bound slumber, ancient ones are in thrall to the Voice: which commands that they burn fledgling vampires in cities from Paris to Mumbai, Hong Kong to Kyoto and San Francisco. Immolation, huge massacres, have commenced all over the world. Who - or what - is the Voice? What does it desire, and why? There is only one vampire, only one blood drinker, truly known to the entire world of the Undead.",,The Vampire Chronicles,11
458,9780385353793,Prince Lestat and the Realms of Atlantis,Anne Rice,Fantasy,12.99,21,Active,https://i.gr-assets.com/images/S/compressed.photo.goodreads.com/books/1470266560l/23267873.jpg,"At the novel's center: the vampire Lestat de Lioncourt, hero, leader, inspirer, irresistible force, irrepressible spirit, battling (and ultimately reconciling with) a strange otherworldly form that has somehow taken possession of Lestat's undead body and soul. This ancient and mysterious power and unearthly spirit of vampire lore has all the force, history, and insidious reach of the unknowable Universe.",,The Vampire Chronicles,12
459,9781784742065,Blood Communion,Anne Rice,Horror,14.99,20,Active,https://i.gr-assets.com/images/S/compressed.photo.goodreads.com/books/1543609708l/33548396._SY475_.jpg,Prince Lestat recounts his rise to leadership in the vampire world and his search for a place where the undead can belong. A threatening force seeks to destroy both his vision and the wider vampire world.,,The Vampire Chronicles,13
460,9780312362089,One for the Money,Janet Evanovich,Mystery,10.99,21,Active,https://i.gr-assets.com/images/S/compressed.photo.goodreads.com/books/1316730230l/6853.jpg,"You've lost your job as a department store lingerie buyer, your car's been repossessed, and most of your furniture and small appliances have been sold off to pay last month's rent. Now the rent is due again. And you live in New Jersey. What do you do? If you're Stephanie Plum, you become a bounty hunter. But not just a nickel-and-dime bounty hunter; you go after the big money. That means a cop gone bad. And not just any cop. She goes after Joe Morelli, a disgraced former vice cop who is also the man who took Stephanie's virginity at age 16 and then wrote details on a bathroom wall.",,Stephanie Plum,1
461,9780140255553,Two for the Dough,Janet Evanovich,Mystery,16.99,23,Active,https://i.gr-assets.com/images/S/compressed.photo.goodreads.com/books/1330926461l/6427.jpg,"This one's double the fun! Bounty hunter Stephanie Plum is still learning the ropes at her cousin Vinnie's bail bond office, so when she sets out on the trail of Kenny Mancuso - a suspiciously wealthy, working class Trenton boy who has just shot his best friend - the stakes are higher than ever. That Mancuso is distantly related to vice cop Joe Morelli - who is trying to beat Stephanie to the punch - only makes the hunt more thrilling... Taking pointers from her bounty hunter pal, Ranger, and using her pistol packing Grandma Mazur as a decoy, Stephanie is soon closing in on her mark. But Morelli and his libido are worthy foes.",,Stephanie Plum,2
462,9780312966096,Three to Get Deadly,Janet Evanovich,Mystery,16.99,21,Active,https://i.gr-assets.com/images/S/compressed.photo.goodreads.com/books/1311727539l/6854.jpg,"Stephanie Plum, the brassy babe in the powder blue Buick is back and she's having a bad hair day - for the whole month of January. She's been given the unpopular task of finding Mo Bedemier, Trenton's most beloved citizen, arrested for carrying concealed, gone no-show for his court appearance. And to make matters worse, she's got Lula, a former hooker turned file clerk - now a wannabe bounty hunter - at her side, sticking like glue. Lula's big and blonde and black and itching to get the chance to lock up a crook in the trunk of her car.",,Stephanie Plum,3
463,9780312966973,Four to Score,Janet Evanovich,Mystery,10.99,18,Active,https://i.gr-assets.com/images/S/compressed.photo.goodreads.com/books/1311983211l/6422.jpg,"Nabbing Maxine Nowicki, thief and extortionist, would be the answer to Stephanie's prayers and monetary woes. The only trouble is that Maxine is no where to be found, and her friends have been mysteriously turning up dead. To make matters worse, Stephanie's arch nemesis since grade school is also looking for Nowicki, hoping to cash in first. Stephanie's mentor and tormentor, Ranger, needs her. Vice cop Joe Morelli has invited her to move in... temporarily. And Stephanie's Grandma Mazur, sidekick, Lula, and a six-foot-tall transvestite rock musician want to take Stephanie to Atlantic City.",,Stephanie Plum,4
464,9780330371230,High Five,Janet Evanovich,Mystery,12.99,0,Active,https://i.gr-assets.com/images/S/compressed.photo.goodreads.com/books/1270849101l/6423.jpg,"Stephanie Plum has a whole lot of trouble on her doorstep. Her Uncle Fred has disappeared and Grandma Mazur is convinced he's been abducted by aliens. Meanwhile, Cousin Vinnie has asked her to bring in the vertically challenged Randy Briggs who's jumped bail. But instead of coming quietly, he has taken up residence in Stephanie's closet. The mysterious man called Bunchy is trailing Stephanie in the hope of tracking down Fred. And Benito Ramirez is back from jail, quoting Scripture and vowing to introduce Stephanie to God - face to face.",,Stephanie Plum,5
465,9780312976279,Hot Six,Janet Evanovich,Mystery,11.99,10,Active,https://i.gr-assets.com/images/S/compressed.photo.goodreads.com/books/1388177839l/6858.jpg,"Low-rent bounty hunter Stephanie Plum reaches depths of personal experience that other women detectives never quite do. In Hot Six, for example, a sequence of new and hideous cars bite the dust; she finds herself lumbered with a policeman's multiply incontinent dog; and she has several bad skin days. All this when she is trying to prove her distinctly more competent colleague and occasional boyfriend Ranger innocent of a mob hit; avoid the heavies trailing her in the hope of finding him; and cope with a wife-abusing bail defaulter with nasty habits, such as setting Stephanie on fire.",,Stephanie Plum,6
466,9780312980146,Seven Up,Janet Evanovich,Mystery,14.99,13,Active,https://i.gr-assets.com/images/S/compressed.photo.goodreads.com/books/1311720512l/6424.jpg,"All New Jersey bounty hunter Stephanie Plum has to do is bring in semi-retired bail jumper Eddie DeChooch. For an old man he's still got a knack for slipping out of sight - and raising hell. How else can Stephanie explain the bullet-riddled corpse in Eddie's garden? Who else would have a clue as to why two of Stephanie's friends suddenly vanished? For answers Stephanie has the devil to pay: her mentor, Ranger. The deal? He'll give Stephanie all the help she needs - if she gives him everything he wants...",,Stephanie Plum,7
467,9780312983864,Hard Eight,Janet Evanovich,Mystery,12.99,8,Active,https://i.gr-assets.com/images/S/compressed.photo.goodreads.com/books/1479699438l/6425.jpg,"Fugitive Apprehension Agent Stephanie Plum has a big problem on her hands: Seven-year-old Annie Soder and her mother, Evelyn, have disappeared. Evelyn's estranged husband, Steven, a shady owner of a seedy bar, is not at all happy. During the divorce proceedings, he and Evelyn signed a child custody bond, and Steven is demanding the money guaranteed by the bond to find Annie. The money was secured by a mortgage on Evelyn's grandmother's house, and the True Blue Bonds Bail Agency wants to take possession of the house. Finding a kidnapped child is not an assignment for a bounty hunter.",,Stephanie Plum,8
468,9780312986346,Visions of Sugar Plums,Janet Evanovich,Mystery,16.99,1,Active,https://i.gr-assets.com/images/S/compressed.photo.goodreads.com/books/1439320318l/6420._SY475_.jpg,"It's five days before Christmas and things are not looking merry for Fugitive Apprehension Agent Stephanie Plum. She hasn't got a tree. She hasn't bought any presents. The malls are jam-packed with staggering shoppers. There's not a twinkle light anywhere to be seen in her apartment. And there's a strange man in her kitchen. Sure, this has happened to Stephanie Plum before. Strangers, weirdos, felons, creeps, and lunatics are always finding their way to her front door. But this guy is different. This guy is mysterious, sexy-and he has his own agenda.",,Stephanie Plum,8.5
469,9780747267638,To the Nines,Janet Evanovich,Mystery,13.99,16,Active,https://i.gr-assets.com/images/S/compressed.photo.goodreads.com/books/1169433446l/40331.jpg,"Stephanie Plum's got rent to pay, people shooting at her, and psychos wanting her dead every day of the week (much to the dismay of her mother, her family, the men in her life, the guy who slices meat at the deli... oh, the list goes on). An ordinary person would cave under the pressure. But hey, she's from Jersey. Stephanie Plum may not be the best bounty hunter in beautiful downtown Trenton, but she's pretty darn good at turning bad situations her way... and she always gets her man. In To the Nines, her cousin Vinnie (who's also her boss) has posted bail on Samuel Singh, an illegal immigrant.",,Stephanie Plum,9
470,9780312936228,Ten Big Ones,Janet Evanovich,Mystery,10.99,16,Active,https://i.gr-assets.com/images/S/compressed.photo.goodreads.com/books/1171076278l/86663._SY475_.jpg,"Swing off the Jersey Turnpike and you'll be in bounty hunter Stephanie Plum's neighborhood. You'll know it because all hell will be breaking loose. Not that she looks for trouble - it just seems to follow her. In Ten Big Ones it explodes at a deli, and when Stephanie pegs a robber as a member of a vicious Trenton gang, they peg her as dead.",,Stephanie Plum,10
471,9780312985349,Eleven on Top,Janet Evanovich,Mystery,12.99,15,Active,https://i.gr-assets.com/images/S/compressed.photo.goodreads.com/books/1166394806l/11003._SY475_.jpg,"Stephanie Plum is thinking her career as a fugitive apprehension agent has run its course. She's been shot at, spat at, cussed at, fire-bombed, mooned, and attacked by dogs. Stephanie thinks it's time for a change. So she quits. She wants something safe and normal. But the kind of trouble she had at the bail bonds office can't compare to the kind of trouble she finds herself facing now... Stephanie is stalked by a maniac returned from the grave for the sole purpose of putting her into a burial plot of her own. He's killed before, and he'll kill again if given the chance.",,Stephanie Plum,11
472,9780312349486,Twelve Sharp,Janet Evanovich,Mystery,11.99,16,Active,https://i.gr-assets.com/images/S/compressed.photo.goodreads.com/books/1316727699l/3507.jpg,"While chasing fugitives in Trenton, Stephanie Plum discovers that a mysterious woman is stalking her. The armed stranger has a dangerous connection to Carlos Manoso, known as Ranger. When events turn deadly, Stephanie finds herself hunting a murderer.",,Stephanie Plum,12
473,9780312306342,Plum Lovin',Janet Evanovich,Mystery,9.99,11,Active,https://i.gr-assets.com/images/S/compressed.photo.goodreads.com/books/1442873718l/6419._SY475_.jpg,"Mysterious men have a way of showing up in Stephanie Plum's apartment. When the shadowy Diesel appears, he has a task for Stephanie - and he's not taking no for an answer. Annie Hart is a ""relationship expert"" who is wanted for armed robbery and assault with a deadly weapon. Stephanie needs to find her, fast. Diesel knows where she is. So they make a deal: He'll help her get Annie if Stephanie plays matchmaker to several of Annie's most difficult clients. But someone wants to find Annie even more than Diesel and Stephanie. Someone with a nasty temper. And someone with ""unmentionable"" skills.",,Stephanie Plum,12.5
474,9780312349493,Lean Mean Thirteen,Janet Evanovich,Mystery,12.99,10,Active,https://i.gr-assets.com/images/S/compressed.photo.goodreads.com/books/1442616484l/40317._SY475_.jpg,"New secrets, old flames, and hidden agendas are about to send bounty hunter Stephanie Plum on her most outrageous adventure yet! MISTAKE #1Dickie Orr. Stephanie was married to him for about fifteen minutes before she caught him cheating on her with her arch-nemesis Joyce Barnhardt. Another fifteen minutes after that Stephanie filed for divorce, hoping to never see either one of them again. MISTAKE #2Doing favors for super bounty hunter Carlos Manoso (a.k.a. Ranger). Ranger needs her to meet with Dickie and find out if he's doing something shady. Turns out, he is. Turns out, he's also back to doing Joyce Barnhardt.",,Stephanie Plum,13
475,9780312377632,Plum Lucky,Janet Evanovich,Mystery,11.99,9,Active,https://i.gr-assets.com/images/S/compressed.photo.goodreads.com/books/1562040549l/1434105.jpg,"Looking to get lucky? Stephanie Plum is back between-the-numbers and she's looking to get lucky in an Atlantic City hotel room, in a Winnebago, and with a brown-eyed stud who has stolen her heart. Stephanie Plum has a way of attracting danger, lunatics, oddballs, bad luck... and mystery men. And no one is more mysterious than the unmentionable Diesel. He's back and hot on the trail of a little man in green pants who's lost a giant bag of money. Problem is, the money isn't exactly lost. Stephanie's Grandma Mazur has found it, and like any good Jersey senior citizen, she's hightailed it in a Winnebago to Atlantic City and hit the slots.",,Stephanie Plum,13.5
476,9780312349516,Fearless Fourteen,Janet Evanovich,Mystery,12.99,19,Active,https://i.gr-assets.com/images/S/compressed.photo.goodreads.com/books/1442967398l/2292384._SY475_.jpg,"Dom Rizzi robbed a bank, hid nine million dollars, and served his sentence. His cousin Joe Morelli is a cop, and his sister Loretta is a single mother. Their tangled family connections, hidden treasure, and personal grudges draw bounty hunter Stephanie Plum into another unpredictable adventure.",,Stephanie Plum,14
477,9780739328279,Plum Spooky,Janet Evanovich,Mystery,12.99,18,Active,https://i.gr-assets.com/images/S/compressed.photo.goodreads.com/books/1320400804l/3400816.jpg,"Stephanie Plum is back in town, along with her sidekick Lula, her Grandma Mazur, and an ever-widening cast of freaks, criminals, deranged felons, and lunatics looking for love. And just when Stephanie thinks her life can't get any more complicated, in walks the mysterious Diesel. A man who seems to show up at the most inconvenient moments.",,Stephanie Plum,14.5
478,9780312383282,Finger Lickin' Fifteen,Janet Evanovich,Mystery,10.99,21,Active,https://i.gr-assets.com/images/S/compressed.photo.goodreads.com/books/1442966437l/6048530._SY475_.jpg,"Celebrity chef Stanley Chipotle comes to Trenton in a barbecue cookoff and loses his head - literally. Bail bonds office worker Lula is witness to the crime, and the only one she'll talk to is Trenton cop Joe Morelli. Chipotle's sponsor is offering a million-dollar reward to anyone who can provide information leading to the capture of the killers. Lula recruits bounty hunter Stephanie Plum to help find the killer and collect the moolah.",,Stephanie Plum,15
479,9780739377727,Sizzling Sixteen,Janet Evanovich,Mystery,9.99,21,Active,https://i.gr-assets.com/images/S/compressed.photo.goodreads.com/books/1389583636l/7023554.jpg,"Trenton, New Jersey, bounty hunter Stephanie Plum has inherited a ""lucky"" bottle from her Uncle Pip. Problem is, Uncle Pip didn't specify if the bottle brought good luck or bad luck... Bad luck: Vinnie, of Vincent Plum Bail Bonds, has run up a gambling debt of $786,000 with mobster Bobby Sunflower and is being held until the cash can be produced. Nobody else will pay to get Vinnie back, leaving it up to Stephanie, office manager Connie, and file clerk Lula to raise the money if they want to save their jobs. Good luck: Being in the business of tracking down people, Stephanie, Lula, and Connie have an advantage in finding Vinnie.",,Stephanie Plum,16
480,9780345527707,Smokin' Seventeen,Janet Evanovich,Mystery,14.99,10,Active,https://i.gr-assets.com/images/S/compressed.photo.goodreads.com/books/1388177501l/11732634.jpg,"Where there's smoke there's fire, and no one knows this better than New Jersey bounty hunter Stephanie Plum. Dead bodies are showing up in shallow graves on the empty construction lot of Vincent Plum Bail Bonds. No one is sure who the killer is, or why the victims have been offed, but what is clear is that Stephanie's name is on the killer's list. Short on time to find the murderer, Stephanie is also under pressure from family and friends to choose between her on-again-off-again boyfriend, Trenton cop Joe Morelli, and the bad boy in her life, security expert Ranger.",,Stephanie Plum,17
481,9780345527714,Explosive Eighteen,Janet Evanovich,Mystery,12.99,24,Active,https://i.gr-assets.com/images/S/compressed.photo.goodreads.com/books/1407001977l/11746513.jpg,"Bounty hunter Stephanie Plum's life is set to blow sky high when international murder hits dangerously close to home, in this dynamite novel by Janet Evanovich. Before Stephanie can even step foot off Flight 127 from Hawaii to Newark, she's knee deep in trouble. Her dream vacation turned into a nightmare, she's flying back to New Jersey solo, and someone who sounds like Sasquatch is snoring in row 22. Worse still, her seatmate never returned to the plane after the L. A. layover. Now he's dead, in a garbage can, waiting for curbside pickup. His killer could be anyone.",,Stephanie Plum,18
482,9780345527745,Notorious Nineteen,Janet Evanovich,Mystery,16.99,9,Active,https://i.gr-assets.com/images/S/compressed.photo.goodreads.com/books/1345653049l/14740588.jpg,"New Jersey bounty hunter Stephanie Plum is certain of three truths: People don't just vanish into thin air. Never anger old people. And don't do what Tiki tells you to do. After a slow summer of chasing low-level skips for her cousin Vinnie's bail bonds agency, Stephanie Plum finally lands an assignment that could put her checkbook back in the black. Geoffrey Cubbin, facing trial for embezzling millions from Trenton's premier assisted-living facility, has mysteriously vanished from the hospital after an emergency appendectomy. Now it's on Stephanie to track down the con man.",,Stephanie Plum,19
483,9780316206846,The Cuckoo's Calling,Robert Galbraith,Mystery,9.99,24,Active,https://i.gr-assets.com/images/S/compressed.photo.goodreads.com/books/1540217136l/16160797.jpg,"After losing his leg to a land mine in Afghanistan, Cormoran Strike is barely scraping by as a private investigator. Then John Bristow walks through his door with an amazing story: His sister, the legendary supermodel Lula Landry, famously fell to her death a few months earlier. The police ruled it a suicide, but John refuses to believe that. The case plunges Strike into the world of multimillionaire beauties, rock-star boyfriends, and desperate designers, and it introduces him to every variety of pleasure, enticement, seduction, and delusion known to man.",,Cormoran Strike,1
484,9780316206877,The Silkworm,Robert Galbraith,Mystery,16.99,13,Active,https://i.gr-assets.com/images/S/compressed.photo.goodreads.com/books/1540217126l/18214414.jpg,"When novelist Owen Quine goes missing, his wife calls in private detective Cormoran Strike. At first, Mrs. Quine just thinks her husband has gone off by himself for a few days - as he has done before - and she wants Strike to find him and bring him home. But as Strike investigates, it becomes clear that there is more to Quine's disappearance than his wife realizes. The novelist has just completed a manuscript featuring poisonous pen-portraits of almost everyone he knows.",,Cormoran Strike,2
485,9780316349925,Career of Evil,Robert Galbraith,Mystery,16.99,23,Active,https://i.gr-assets.com/images/S/compressed.photo.goodreads.com/books/1529685910l/40611999._SY475_.jpg,"Cormoran Strike is back, with his assistant Robin Ellacott, in a mystery based around soldiers returning from war. When a mysterious package is delivered to Robin Ellacott, she is horrified to discover that it contains a woman's severed leg. Her boss, private detective Cormoran Strike, is less surprised but no less alarmed. There are four people from his past who he thinks could be responsible - and Strike knows that any one of them is capable of sustained and unspeakable brutality.",,Cormoran Strike,3
486,9780316422772,Lethal White,Robert Galbraith,Mystery,10.99,18,Active,https://i.gr-assets.com/images/S/compressed.photo.goodreads.com/books/1559867637l/42283287.jpg,"When Billy, a troubled young man, comes to private eye Cormoran Strike's office to ask for his help investigating a crime he thinks he witnessed as a child, Strike is left deeply unsettled. While Billy is obviously mentally distressed, and cannot remember many concrete details, there is something sincere about him and his story. But before Strike can question him further, Billy bolts from his office in a panic.",,Cormoran Strike,4
487,9780061139376,Coraline,Neil Gaiman,Fantasy,9.99,20,Active,https://i.gr-assets.com/images/S/compressed.photo.goodreads.com/books/1493497435l/17061._SY475_.jpg,"The day after they moved in, Coraline went exploring... In Coraline's family's new flat are twenty-one windows and fourteen doors. Thirteen of the doors open and close. The fourteenth is locked, and on the other side is only a brick wall, until the day Coraline unlocks the door to find a passage to another flat in another house just like her own. Only it's different. At first, things seem marvelous in the other flat. The food is better. The toy box is filled with wind-up angels that flutter around the bedroom, books whose pictures writhe and crawl and shimmer, little dinosaur skulls that chatter their teeth.",,,
488,9780062255655,The Ocean at the End of the Lane,Neil Gaiman,Fantasy,13.99,21,Active,https://i.gr-assets.com/images/S/compressed.photo.goodreads.com/books/1497098563l/15783514._SY475_.jpg,"Sussex, England. A middle-aged man returns to his childhood home to attend a funeral. Although the house he lived in is long gone, he is drawn to the farm at the end of the road, where, when he was seven, he encountered a most remarkable girl, Lettie Hempstock, and her mother and grandmother. He hasn't thought of Lettie in decades, and yet as he sits by the pond (a pond that she'd claimed was an ocean) behind the ramshackle old farmhouse, the unremembered past comes flooding back. And it is a past too strange, too frightening, too dangerous to have happened to anyone, let alone a small boy.",,,
489,9780316204279,"Where'd You Go, Bernadette",Maria Semple,Fiction,10.99,19,Active,https://i.gr-assets.com/images/S/compressed.photo.goodreads.com/books/1338822317l/13526165.jpg,"Bernadette Fox has vanished. When her daughter Bee claims a family trip to Antarctica as a reward for perfect grades, Bernadette, a fiercely intelligent shut-in, throws herself into preparations for the trip. But worn down by years of trying to live the Seattle life she never wanted, Ms. Fox is on the brink of a meltdown. And after a school fundraiser goes disastrously awry at her hands, she disappears, leaving her family to pick up the pieces - which is exactly what Bee does, weaving together an elaborate web of emails, invoices, and school memos that reveals a secret past Bernadette has been hiding for decades.",,,
490,9780142437247,"Moby-Dick or, the Whale",Herman Melville,Classics,8.99,21,Active,https://i.gr-assets.com/images/S/compressed.photo.goodreads.com/books/1327940656l/153747.jpg,"A man driven by obsession pursues a creature as vast and unknowable as the sea itself. Herman Melville's novel combines a whaling adventure with reflections on human ambition, nature, and America.",,,
491,9780156030083,Flowers for Algernon,Daniel Keyes,Fiction,12.99,10,Active,https://i.gr-assets.com/images/S/compressed.photo.goodreads.com/books/1510416245l/36576608.jpg,"The story of a mentally disabled man whose experimental quest for intelligence mirrors that of Algernon, an extraordinary lab mouse. In diary entries, Charlie tells how a brain operation increases his IQ and changes his life. As the experimental procedure takes effect, Charlie's intelligence expands until it surpasses that of the doctors who engineered his metamorphosis. The experiment seems to be a scientific breakthrough of paramount importance until Algernon begins his sudden, unexpected deterioration. Will the same happen to Charlie?",,,
492,9781619634442,A Court of Thorns and Roses,Sarah J. Maas,Fantasy,12.99,22,Active,https://i.gr-assets.com/images/S/compressed.photo.goodreads.com/books/1546406962l/16096824._SY475_.jpg,"Feyre's survival rests upon her ability to hunt and kill - the forest where she lives is a cold, bleak place in the long winter months. So when she spots a deer in the forest being pursued by a wolf, she cannot resist fighting it for the flesh. But to do so, she must kill the predator and killing something so precious comes at a price... Dragged to a magical kingdom for the murder of a faerie, Feyre discovers that her captor, his face obscured by a jewelled mask, is hiding far more than his piercing green eyes would suggest.",,A Court of Thorns and Roses,1
493,9781619634466,A Court of Mist and Fury,Sarah J. Maas,Fantasy,9.99,12,Active,https://i.gr-assets.com/images/S/compressed.photo.goodreads.com/books/1546406996l/17927395._SY475_.jpg,"Feyre survived Amarantha's clutches to return to the Spring Court - but at a steep cost. Though she now has the powers of the High Fae, her heart remains human, and it can't forget the terrible deeds she performed to save Tamlin's people. Nor has Feyre forgotten her bargain with Rhysand, High Lord of the feared Night Court. As Feyre navigates its dark web of politics, passion, and dazzling power, a greater evil looms - and she might be key to stopping it. But only if she can harness her harrowing gifts, heal her fractured soul, and decide how she wishes to shape her future - and the future of a world cleaved in two.",,A Court of Thorns and Roses,2
494,9781408857908,A Court of Wings and Ruin,Sarah J. Maas,Fantasy,12.99,14,Active,https://i.gr-assets.com/images/S/compressed.photo.goodreads.com/books/1555221560l/23766634._SY475_.jpg,"With war approaching, Feyre returns to the Spring Court to gather information about Tamlin and the invading king. She must navigate a deadly game of deception, decide which High Lords to trust, and search for allies in unexpected places.",,A Court of Thorns and Roses,3
495,9781681196312,A Court of Frost and Starlight,Sarah J. Maas,Fantasy,13.99,22,Active,https://i.gr-assets.com/images/S/compressed.photo.goodreads.com/books/1546407073l/31076583._SY475_.jpg,"Hope warms the coldest night. Feyre, Rhys, and their close-knit circle of friends are still busy rebuilding the Night Court and the vastly-changed world beyond. But Winter Solstice is finally near, and with it, a hard-earned reprieve. Yet even the festive atmosphere can't keep the shadows of the past from looming. As Feyre navigates her first Winter Solstice as High Lady, she finds that those dearest to her have more wounds than she anticipated - scars that will have far-reaching impact on the future of their Court.",,A Court of Thorns and Roses,3.1
496,9781400078776,Never Let Me Go,Kazuo Ishiguro,Fiction,11.99,17,Active,https://i.gr-assets.com/images/S/compressed.photo.goodreads.com/books/1353048590l/6334.jpg,"Hailsham seems like a pleasant English boarding school, far from the influences of the city. Its students are well tended and supported, trained in art and literature, and become just the sort of people the world wants them to be. But, curiously, they are taught nothing of the outside world and are allowed little contact with it.",,,
497,9780385741262,We Were Liars,E. Lockhart,Young Adult,8.99,12,Active,https://i.gr-assets.com/images/S/compressed.photo.goodreads.com/books/1402749479l/16143347.jpg,"A beautiful and distinguished family. A private island. A brilliant, damaged girl; a passionate, political boy. A group of four friends - the Liars - whose friendship turns destructive. A revolution. An accident. A secret. Lies upon lies. True love. The truth.",,,
498,9780062870674,The Tattooist of Auschwitz,Heather Morris,Historical Fiction,12.99,21,Active,https://i.gr-assets.com/images/S/compressed.photo.goodreads.com/books/1525962117l/38359036.jpg,"In April 1942, Lale Sokolov, a Slovakian Jew, is forcibly transported to the concentration camps at Auschwitz-Birkenau. When his captors discover that he speaks several languages, he is put to work as a Tätowierer (the German word for tattooist), tasked with permanently marking his fellow prisoners. Imprisoned for more than two and a half years, Lale witnesses horrific atrocities and barbarism - but also incredible acts of bravery and compassion. Risking his own life, he uses his privileged position to exchange jewels and money from murdered Jews for food to keep his fellow prisoners alive.",,The Tattooist of Auschwitz,1
499,9780399124426,Red Dragon,Thomas Harris,Horror,10.99,9,Active,https://i.gr-assets.com/images/S/compressed.photo.goodreads.com/books/1593241110l/28877.jpg,"A second family has been massacred by the terrifying serial killer the press has christened ""The Tooth Fairy."" Special Agent Jack Crawford turns to the one man who can help restart a failed investigation: Will Graham. Graham is the greatest profiler the FBI ever had, but the physical and mental scars of capturing Hannibal Lecter have caused Graham to go into early retirement. Now, Graham must turn to Lecter for help.",,Hannibal Lecter,1
500,9780099446781,The Silence of the Lambs,Thomas Harris,Horror,14.99,23,Active,https://i.gr-assets.com/images/S/compressed.photo.goodreads.com/books/1565096163l/23807._SY475_.jpg,A young FBI trainee seeks help from the imprisoned Hannibal Lecter in the search for a serial killer. The investigation draws her into a dangerous confrontation with the mind of an extraordinary psychopath.,,Hannibal Lecter,2
501,9780099297703,Hannibal,Thomas Harris,Horror,12.99,12,Active,https://i.gr-assets.com/images/S/compressed.photo.goodreads.com/books/1327356556l/32418.jpg,"Years after his escape, posing as scholarly Dr. Fell, curator of a grand family's palazzo, Hannibal lives the good life in Florence, playing lovely tunes by serial killer/composer Henry VIII and killing hardly anyone himself. Clarice is unluckier: in the novel's action-film-like opening scene, she survives an FBI shootout gone wrong, and her nemesis, Paul Krendler, makes her the fall guy. Clarice is suspended, so, unfortunately, the first cop who stumbles on Hannibal is an Italian named Pazzi, who takes after his ancestors, greedy betrayers depicted in Dante's Inferno. Pazzi is on the take from a character as scary as Hannibal: Mason Verger.",,Hannibal Lecter,3
502,9780385339414,Hannibal Rising,Thomas Harris,Horror,14.99,11,Active,https://i.gr-assets.com/images/S/compressed.photo.goodreads.com/books/1394208690l/32416.jpg,"Hannibal Lecter emerges from the nightmare of the Eastern Front, a boy in the snow, mute, with a chain around his neck. He seems utterly alone, but he has brought his demons with him. Hannibal's uncle, a noted painter, finds him in a Soviet orphanage and brings him to France, where Hannibal will live with his uncle and his uncle's beautiful and exotic wife, Lady Murasaki. Lady Murasaki helps Hannibal to heal. With her help he flourishes, becoming the youngest person ever admitted to medical school in France.",,Hannibal Lecter,4
503,9780143126393,The Shadow of the Wind,Carlos Ruiz Zafón,Fiction,10.99,23,Active,https://i.gr-assets.com/images/S/compressed.photo.goodreads.com/books/1597921581l/1232.jpg,"Barcelona, 1945: A city slowly heals from its war wounds, and Daniel, an antiquarian book dealer's son who mourns the loss of his mother, finds solace in a mysterious book entitled The Shadow of the Wind, by one Julian Carax. But when he sets out to find the author's other works, he makes a shocking discovery: someone has been systematically destroying every copy of every book Carax has written. In fact, Daniel may have the last of Carax's books in existence. Soon Daniel's seemingly innocent quest opens a door into one of Barcelona's darkest secrets - an epic story of murder, madness, and doomed love.",,El cementerio de los libros olvidados,1
504,9780385528702,The Angel's Game,Carlos Ruiz Zafón,Fiction,16.99,5,Active,https://i.gr-assets.com/images/S/compressed.photo.goodreads.com/books/1388330801l/4912857.jpg,"In an abandoned mansion at the heart of Barcelona, a young man, David Martin, makes his living by writing sensationalist novels under a pseudonym.",,El cementerio de los libros olvidados,2
505,9780062206282,The Prisoner of Heaven,Carlos Ruiz Zafón,Fiction,8.99,17,Active,https://i.gr-assets.com/images/S/compressed.photo.goodreads.com/books/1335994402l/13623012.jpg,"Barcelona, 1957. It is Christmas, and Daniel Sempere and his wife Bea have much to celebrate. They have a beautiful new baby son named Julian, and their close friend Fermín Romero de Torres is about to be wed. But their joy is eclipsed when a mysterious stranger visits the Sempere bookshop and threatens to divulge a terrible secret that has been buried for two decades in the city's dark past. His appearance plunges Fermín and Daniel into a dangerous adventure that will take them back to the 1940's and the dark early days of Franco's dictatorship.",,El cementerio de los libros olvidados,3
506,9781847374592,The Lady of the Rivers,Philippa Gregory,Historical Fiction,8.99,2,Active,https://i.gr-assets.com/images/S/compressed.photo.goodreads.com/books/1327946219l/9542439.jpg,"Jacquetta, daughter of the Count of Luxembourg and kinswoman to half the royalty of Europe, was married to the great Englishman John, Duke of Bedford, uncle to Henry VI. Widowed at the age of 19, she took the extraordinary risk of marrying a gentleman of her household for love, and then carved out a new life for herself.",,The Plantagenet and Tudor Novels,1
507,9781416563686,The White Queen,Philippa Gregory,Historical Fiction,16.99,13,Active,https://i.gr-assets.com/images/S/compressed.photo.goodreads.com/books/1439412993l/5971165._SX318_.jpg,"As the Wars of the Roses divide England, Elizabeth Woodville secretly marries the newly crowned king. Her beauty and ambition place her at the heart of a struggle for the throne.",,The Plantagenet and Tudor Novels,2
508,9781416563723,The Red Queen,Philippa Gregory,Historical Fiction,14.99,23,Active,https://i.gr-assets.com/images/S/compressed.photo.goodreads.com/books/1281335912l/7148256.jpg,Margaret Beaufort takes center stage in the bitter struggle of the Wars of the Roses. This Cousins' War novel follows a woman who appeared in The White Queen and now pursues her own place in England's dynastic conflict.,,The Plantagenet and Tudor Novels,3
509,9781451626070,The Kingmaker's Daughter,Philippa Gregory,Historical Fiction,8.99,1,Active,https://i.gr-assets.com/images/S/compressed.photo.goodreads.com/books/1332688725l/12326644.jpg,"Spies, poison, and curses surround her... Is there anyone she can trust? The Kingmaker's Daughter is the gripping story of the daughters of the man known as the ""Kingmaker,"" Richard Neville, Earl of Warwick: the most powerful magnate in fifteenth-century England. Without a son and heir, he uses his daughters, Anne and Isabel as pawns in his political games, and they grow up to be influential players in their own right. In this novel, her first sister story since The Other Boleyn Girl, Philippa Gregory explores the lives of two fascinating young women.",,The Plantagenet and Tudor Novels,4
510,9780857207517,The White Princess,Philippa Gregory,Historical Fiction,10.99,22,Active,https://i.gr-assets.com/images/S/compressed.photo.goodreads.com/books/1479698298l/12326627.jpg,"Caught between loyalties, the mother of the Tudors must choose between the red rose and the white. When Henry Tudor picks up the crown of England from the mud of Bosworth field, he knows he must marry the princess of the enemy house - Elizabeth of York - to unify a country divided by war for nearly two decades. But his bride is still in love with his slain enemy, Richard III - and her mother and half of England dream of a missing heir, sent into the unknown by the White Queen. While the new monarchy can win power, it cannot win hearts in an England that plots for the triumphant return of the House of York.",,The Plantagenet and Tudor Novels,5
511,9780743272490,The Constant Princess,Philippa Gregory,Historical Fiction,9.99,13,Active,https://i.gr-assets.com/images/S/compressed.photo.goodreads.com/books/1355932704l/16181.jpg,"Katherine of Aragon is born Catalina, the Spanish Infanta, to parents who are both rulers and warriors. Aged four, she is betrothed to Arthur, Prince of Wales, and is raised to be Queen of England. She is never in doubt that it is her destiny to rule that far-off, wet, cold land.",,The Plantagenet and Tudor Novels,6
512,9781451626124,The King's Curse,Philippa Gregory,Historical Fiction,8.99,10,Active,https://covers.openlibrary.org/b/isbn/9781451626124-L.jpg,Margaret Pole watches the Tudor dynasty tighten its grip on England while her Plantagenet blood places her in increasing danger at Henry VIII's court.,,The Plantagenet and Tudor Novels,7
513,9781476758749,"Three Sisters, Three Queens",Philippa Gregory,Historical Fiction,12.99,18,Active,https://covers.openlibrary.org/b/isbn/9781476758749-L.jpg,"Margaret Tudor, Katherine of Aragon, and Mary Tudor move between sisterhood and rivalry as each becomes a queen caught in dynastic politics.",,The Plantagenet and Tudor Novels,8
514,9780743233088,The Other Boleyn Girl,Philippa Gregory,Historical Fiction,16.99,16,Active,https://i.gr-assets.com/images/S/compressed.photo.goodreads.com/books/1355932638l/37470.jpg,"When Mary Boleyn comes to court as an innocent girl of fourteen, she catches the eye of Henry VIII. Dazzled, Mary falls in love with both her golden prince and her growing role as unofficial queen. However, she soon realises just how much she is a pawn in her family's ambitious plots as the king's interest begins to wane and she is forced to step aside for her best friend and rival: her sister, Anne. Then Mary knows that she must defy her family and her king and take fate into her own hands.",,The Plantagenet and Tudor Novels,9
515,9780743272506,The Boleyn Inheritance,Philippa Gregory,Historical Fiction,16.99,21,Active,https://i.gr-assets.com/images/S/compressed.photo.goodreads.com/books/1409318443l/16180.jpg,"Anne of Cleves leaves her small country and troubled family to marry Henry VIII. Her new husband immediately dislikes her, and she must survive in an unfamiliar court ruled by political danger and an unpredictable king.",,The Plantagenet and Tudor Novels,10
516,9781476758817,The Taming of the Queen,Philippa Gregory,Historical Fiction,13.99,8,Active,https://covers.openlibrary.org/b/isbn/9781476758817-L.jpg,"Kateryn Parr becomes Henry VIII's final wife and tries to preserve her reformist convictions, independence, and life inside an increasingly dangerous court.",,The Plantagenet and Tudor Novels,11
517,9780743246071,The Queen's Fool,Philippa Gregory,Historical Fiction,9.99,12,Active,https://i.gr-assets.com/images/S/compressed.photo.goodreads.com/books/1399204116l/252499.jpg,"A young woman caught in the rivalry between Queen Mary and her half sister, Elizabeth, must find her true destiny amid treason, poisonous rivalries, loss of faith, and unrequited love. It is winter, 1553. Pursued by the Inquisition, Hannah Green, a fourteen-year-old Jewish girl, is forced to flee Spain with her father. But Hannah is no ordinary refugee. Her gift of ""Sight,"" the ability to foresee the future, is priceless in the troubled times of the Tudor court.",,The Plantagenet and Tudor Novels,12
518,9780743269261,The Virgin's Lover,Philippa Gregory,Historical Fiction,10.99,13,Active,https://i.gr-assets.com/images/S/compressed.photo.goodreads.com/books/1441424964l/16183.jpg,"As a new queen, Elizabeth faces two great dangers: the French invasion of Scotland, which threatens to put Mary Queen of Scots on her throne, and her passion for the convicted traitor Robert Dudley. But Dudley is already married, and his devoted wife Amy will never give him up, least of all to an upstart Protestant Princess. She refuses to set her beloved husband free to marry the queen; but she cannot prevent him from becoming the favorite and the focus of the feverishly plotting, pleasure seeking court.",,The Plantagenet and Tudor Novels,13
519,9781476758770,The Last Tudor,Philippa Gregory,Historical Fiction,11.99,10,Active,https://covers.openlibrary.org/b/isbn/9781476758770-L.jpg,"The Grey sisters Jane, Katherine, and Mary struggle to survive as their proximity to the Tudor succession makes each of them dangerous to the reigning queen.",,The Plantagenet and Tudor Novels,14
520,9781416549123,The Other Queen,Philippa Gregory,Historical Fiction,8.99,20,Active,https://i.gr-assets.com/images/S/compressed.photo.goodreads.com/books/1388192598l/2241558.jpg,"Biographers often neglect the captive years of Mary, Queen of Scots, who trusted Queen Elizabeth's promise of sanctuary when she fled from rebels in Scotland and then found herself imprisoned as the ""guest"" of George Talbot, Earl of Shrewsbury, and his indomitable wife, Bess of Hardwick.",,The Plantagenet and Tudor Novels,15
521,9780062678416,The Woman in the Window,A.J. Finn,Thriller,10.99,18,Active,https://i.gr-assets.com/images/S/compressed.photo.goodreads.com/books/1528225499l/40389527._SY475_.jpg,"Anna Fox lives alone, a recluse in her New York City home, unable to venture outside. She spends her day drinking wine (maybe too much), watching old movies, recalling happier times... and spying on her neighbors. Then the Russells move into the house across the way: a father, a mother and their teenage son. The perfect family. But when Anna, gazing out her window one night, sees something she shouldn't, her world begins to crumble and its shocking secrets are laid bare. What is real? What is imagined? Who is in danger? Who is in control? In this diabolically gripping thriller, no one - and nothing - is what it seems.",,,
522,9780425276761,Bared to You,Sylvia Day,Romance,13.99,24,Active,https://i.gr-assets.com/images/S/compressed.photo.goodreads.com/books/1433411511l/20448515._SY475_.jpg,"Gideon Cross came into my life like lightning in the darkness. He was beautiful and brilliant, jagged and white-hot. I was drawn to him as I'd never been to anything or anyone in my life. I craved his touch like a drug, even knowing it would weaken me. I was flawed and damaged, and he opened those cracks in me so easily. Gideon knew. He had demons of his own. And we would become the mirrors that reflected each other's most private wounds and desires.",,Crossfire,1
523,9780425263914,Reflected in You,Sylvia Day,Romance,11.99,1,Active,https://i.gr-assets.com/images/S/compressed.photo.goodreads.com/books/1477802540l/13596809.jpg,"Gideon Cross. As beautiful and flawless on the outside as he was damaged and tormented on the inside. He was a bright, scorching flame that singed me with the darkest of pleasures. I couldn't stay away. I didn't want to. He was my addiction... my every desire... mine. My past was as violent as his, and I was just as broken. We'd never work. It was too hard, too painful... except when it was perfect. Those moments when the driving hunger and desperate love were the most exquisite insanity. We were bound by our need. And our passion would take us beyond our limits to the sweetest, sharpest edge of obsession...",,Crossfire,2
524,9780425263921,Entwined with You,Sylvia Day,Romance,10.99,17,Active,https://i.gr-assets.com/images/S/compressed.photo.goodreads.com/books/1362526983l/15731779._SY475_.jpg,"From the moment I first met Gideon Cross, I recognized something in him that I needed. Something I couldn't resist. I saw the dangerous and damaged soul inside - so much like my own. I was drawn to it. I needed him as surely as I needed my heart to beat. No one knows how much he risked for me. How much I'd been threatened, or just how dark and desperate the shadow of our pasts would become. Entwined by our secrets, we tried to defy the odds. We made our own rules and surrendered completely to the exquisite power of possession...",,Crossfire,3
525,9780425273869,Captivated by You,Sylvia Day,Romance,8.99,14,Active,https://i.gr-assets.com/images/S/compressed.photo.goodreads.com/books/1410020040l/17876893.jpg,"Gideon calls me his angel, but he's the miracle in my life. My gorgeous, wounded warrior, so determined to slay my demons while refusing to face his own. The vows we'd exchanged should have bound us tighter than blood and flesh. Instead they opened old wounds, exposed pain and insecurities, and lured bitter enemies out of the shadows. I felt him slipping from my grasp, my greatest fears becoming my reality, my love tested in ways I wasn't sure I was strong enough to bear. At the brightest time in our lives, the darkness of his past encroached and threatened everything we'd worked so hard for.",,Crossfire,4
526,9781250109309,One with You,Sylvia Day,Romance,16.99,20,Active,https://i.gr-assets.com/images/S/compressed.photo.goodreads.com/books/1458742883l/17876897._SY475_.jpg,"Gideon Cross. Falling in love with him was the easiest thing I've ever done. It happened instantly. Completely. Irrevocably. Marrying him was a dream come true. Staying married to him is the fight of my life. Love transforms. Ours is both a refuge from the storm and the most violent of tempests. Two damaged souls entwined as one. We have bared our deepest, ugliest secrets to one another. Gideon is the mirror that reflects all my flaws... and all the beauty I couldn't see. He has given me everything. Now, I must prove I can be the rock, the shelter for him that he is for me.",,Crossfire,5
527,9781554681723,The Art of Racing in the Rain,Garth Stein,Fiction,16.99,18,Active,https://i.gr-assets.com/images/S/compressed.photo.goodreads.com/books/1377206302l/3153910.jpg,"Enzo knows he is different from other dogs: a philosopher with a nearly human soul (and an obsession with opposable thumbs), he has educated himself by watching television extensively, and by listening very closely to the words of his master, Denny Swift, an up-and-coming race car driver. Through Denny, Enzo has gained tremendous insight into the human condition, and he sees that life, like racing, isn't simply about going fast. On the eve of his death, Enzo takes stock of his life, recalling all that he and his family have been through.",,,
528,9780316323703,Rebecca,Daphne du Maurier,Classics,8.99,0,Active,https://i.gr-assets.com/images/S/compressed.photo.goodreads.com/books/1386605169l/17899948.jpg,"Last night I dreamt I went to Manderley again... The novel begins in Monte Carlo, where our heroine is swept off her feet by the dashing widower Maxim de Winter and his sudden proposal of marriage. Orphaned and working as a lady's maid, she can barely believe her luck. It is only when they arrive at his massive country estate that she realizes how large a shadow his late wife will cast over their lives - presenting her with a lingering evil that threatens to destroy their marriage from beyond the grave.",,,
529,9780440227533,Number the Stars,Lois Lowry,Historical Fiction,13.99,19,Active,https://i.gr-assets.com/images/S/compressed.photo.goodreads.com/books/1370917812l/47281.jpg,"Ten-year-old Annemarie Johansen and her best friend Ellen Rosen often think of life before the war. It's now 1943 and their life in Copenhagen is filled with school, food shortages, and the Nazi soldiers marching through town. When the Jews of Denmark are ""relocated,"" Ellen moves in with the Johansens and pretends to be one of the family. Soon Annemarie is asked to go on a dangerous mission to save Ellen's life.",,,
530,9781476729084,The Rosie Project,Graeme Simsion,Fiction,13.99,9,Active,https://i.gr-assets.com/images/S/compressed.photo.goodreads.com/books/1371651741l/16181775.jpg,"Don Tillman, professor of genetics, has never been on a second date. He is a man who can count all his friends on the fingers of one hand, whose lifelong difficulty with social rituals has convinced him that he is simply not wired for romance. So when an acquaintance informs him that he would make a ""wonderful"" husband, his first reaction is shock.",,Don Tillman,1
531,9781476767321,The Rosie Effect,Graeme Simsion,Fiction,14.99,13,Active,https://i.gr-assets.com/images/S/compressed.photo.goodreads.com/books/1437370114l/23492671._SY475_.jpg,"Don Tillman and Rosie Jarman are back. The Wife Project is complete, and Don and Rosie are happily married and living in New York. But they're about to face a new challenge because - surprise - Rosie is pregnant. Don sets about learning the protocols of becoming a father, but his unusual research style gets him into trouble with the law. Fortunately his best friend Gene is on hand to offer advice: he's left Claudia and moved in with Don and Rosie.",,Don Tillman,2
532,9780525476887,An Abundance of Katherines,John Green,Young Adult,11.99,11,Active,https://i.gr-assets.com/images/S/compressed.photo.goodreads.com/books/1360206426l/49750.jpg,"When it comes to relationships, Colin Singleton's type happens to be girls named Katherine. And when it comes to girls named Katherine, Colin is always getting dumped. Nineteen times, to be exact. On a road trip miles from home, this anagram-happy, washed-up child prodigy has ten thousand dollars in his pocket, a bloodthirsty feral hog on his trail, and an overweight, Judge Judy-loving best friend riding shotgun - but no Katherines.",,,
533,9780810993136,Diary of a Wimpy Kid,Jeff Kinney,Fiction,11.99,0,Active,https://i.gr-assets.com/images/S/compressed.photo.goodreads.com/books/1388183826l/389627.jpg,"Greg Heffley finds himself thrust into a new year and a new school where undersize weaklings share the corridors with kids who are taller, meaner and already shaving. Desperate to prove his new found maturity, which only going up a grade can bring, Greg is happy to have his not-quite-so-cool sidekick, Rowley, along for the ride. But when Rowley's star starts to rise, Greg tries to use his best friend's popularity to his own advantage. Recorded in his diary with comic pictures and his very own words, this test of Greg and Rowley's friendship unfolds with hilarious results.",,Diary of a Wimpy Kid,1
534,9780810994737,Rodrick Rules,Jeff Kinney,Fiction,8.99,21,Active,https://i.gr-assets.com/images/S/compressed.photo.goodreads.com/books/1360095964l/1809465.jpg,"Secrets have a way of getting out, especially when a diary is involved. Whatever you do, don't ask Greg Heffley how he spent his summer vacation, because he definitely doesn't want to talk about it. As Greg enters the new school year, he's eager to put the past three months behind him... and one event in particular. Unfortunately for Greg, his older brother, Rodrick, knows all about the incident Greg wants to keep under wraps. But secrets have a way of getting out... especially when a diary is involved.",,Diary of a Wimpy Kid,2
535,9780810970687,The Last Straw,Jeff Kinney,Humor,11.99,12,Active,https://i.gr-assets.com/images/S/compressed.photo.goodreads.com/books/1350396036l/3293821.jpg,"Let's face it: Greg Heffley will never change his wimpy ways. Somebody just needs to explain that to Greg's father. You see, Frank Heffley actually thinks he can get his son to toughen up, and he enlists Greg in organized sports and other ""manly"" endeavors. Of course, Greg is easily able to sidestep his father's efforts to change him. But when Greg's dad threatens to send him to military academy, Greg realizes he has to shape up... or get shipped out.",,Diary of a Wimpy Kid,3
536,9780810983915,Dog Days,Jeff Kinney,Humor,14.99,16,Active,https://i.gr-assets.com/images/S/compressed.photo.goodreads.com/books/1388178896l/6578293.jpg,"It's summer vacation, the weather's great, and all the kids are having fun outside. So where's Greg Heffley? Inside his house, playing video games with the shades drawn. Greg, a self-confessed ""indoor person,"" is living out his ultimate summer fantasy: no responsibilities and no rules. But Greg's mom has a different vision for an ideal summer... one packed with outdoor activities and ""family togetherness."" Whose vision will win out? Or will a new addition to the Heffley family change everything?",,Diary of a Wimpy Kid,4
537,9780810984912,The Ugly Truth,Jeff Kinney,Humor,9.99,20,Active,https://i.gr-assets.com/images/S/compressed.photo.goodreads.com/books/1540918294l/7823678._SX318_.jpg,"Greg Heffley has always been in a hurry to grow up. But is getting older really all it's cracked up to be? Greg suddenly finds himself dealing with the pressures of boy-girl parties, increased responsibilities, and even the awkward changes that come with getting older - all without his best friend, Rowley, at his side. Can Greg make it through on his own? Or will he have to face the ""ugly truth""?",,Diary of a Wimpy Kid,5
538,9781419702235,Cabin Fever,Jeff Kinney,Humor,16.99,17,Active,https://i.gr-assets.com/images/S/compressed.photo.goodreads.com/books/1350396037l/11254250.jpg,"Greg Heffley is in big trouble. School property has been damaged, and Greg is the prime suspect. But the crazy thing is, he's innocent. Or at least sort of. The authorities are closing in, but when a surprise blizzard hits, the Heffley family is trapped indoors. Greg knows that when the snow melts he's going to have to face the music, but could any punishment be worse than being stuck inside with your family for the holidays?",,Diary of a Wimpy Kid,6
539,9781419705847,The Third Wheel,Jeff Kinney,Humor,12.99,14,Active,https://i.gr-assets.com/images/S/compressed.photo.goodreads.com/books/1366229038l/13563669.jpg,"Love is in the air - but what does that mean for Greg Heffley? A Valentine's Day dance at Greg's middle school has turned his world upside down. As Greg scrambles to find a date, he's worried he'll be left out in the cold on the big night. His best friend, Rowley, doesn't have any prospects either, but that's a small consolation. An unexpected twist gives Greg a partner for the dance and leaves Rowley the odd man out. But a lot can happen in one night, and in the end, you never know who's going to be lucky in love.",,Diary of a Wimpy Kid,7
540,9781419711329,Hard Luck,Jeff Kinney,Humor,10.99,22,Active,https://i.gr-assets.com/images/S/compressed.photo.goodreads.com/books/1376473492l/17733898.jpg,"Greg Heffley's on a losing streak. His best friend, Rowley Jefferson, has ditched him, and finding new friends in middle school is proving to be a tough task. To change his fortunes, Greg decides to take a leap of faith and turn his decisions over to chance.",,Diary of a Wimpy Kid,8
541,9781419711893,The Long Haul,Jeff Kinney,Humor,12.99,12,Active,https://i.gr-assets.com/images/S/compressed.photo.goodreads.com/books/1587723831l/21535019._SY475_.jpg,"A family road trip is supposed to be a lot of fun... unless, of course, you're the Heffleys. The journey starts off full of promise, then quickly takes several wrong turns. Gas station bathrooms, crazed seagulls, a fender bender, and a runaway pig - not exactly Greg Heffley's idea of a good time. But even the worst road trip can turn into an adventure - and this is one the Heffleys won't soon forget.",,Diary of a Wimpy Kid,9
542,9781419717017,Old School,Jeff Kinney,Humor,10.99,9,Active,https://i.gr-assets.com/images/S/compressed.photo.goodreads.com/books/1430174375l/25222064.jpg,"Life was better in the old days. Or was it? That's the question Greg Heffley is asking as his town voluntarily unplugs and goes electronics-free. But modern life has its conveniences, and Greg isn't cut out for an old-fashioned world. With tension building inside and outside the Heffley home, will Greg find a way to survive? Or is going ""old school"" just too hard for a kid like Greg?",,Diary of a Wimpy Kid,10
543,9781419723445,Double Down,Jeff Kinney,Humor,10.99,12,Active,https://i.gr-assets.com/images/S/compressed.photo.goodreads.com/books/1478660898l/30051627._SY475_.jpg,"The pressure's really piling up on Greg Heffley. His mom thinks video games are turning his brain to mush, so she wants her son to put down the controller and explore his ""creative side"". As if that's not scary enough, Halloween is just around the corner and the frights are coming at Greg from every angle. When he discovers a bag of gummy worms, it sparks an idea. Can Greg get his mom off his back by making a movie... and will he become rich and famous in the process? Or will doubling down on this path just double Greg's troubles?",,Diary of a Wimpy Kid,11
544,9781419741982,The Getaway,Jeff Kinney,Children's,9.99,8,Active,https://covers.openlibrary.org/b/isbn/9781419741982-L.jpg,"Greg Heffley's family trades winter weather for a tropical resort, where their holiday getaway quickly turns into a string of comic disasters.",,Diary of a Wimpy Kid,12
545,9781419741999,The Meltdown,Jeff Kinney,Children's,7.99,10,Active,https://covers.openlibrary.org/b/isbn/9781419741999-L.jpg,"A snow day turns Greg Heffley's neighborhood into a chaotic battlefield of forts, alliances, and escalating snowball fights.",,Diary of a Wimpy Kid,13
546,9781419739033,Wrecking Ball,Jeff Kinney,Humor,8.99,22,Active,https://i.gr-assets.com/images/S/compressed.photo.goodreads.com/books/1557878218l/28051013._SX318_.jpg,"An unexpected inheritance gives the Heffley family a chance to improve their home. Construction soon proves more difficult than they expected, raising the question of whether they can stay or will be forced to move.",,Diary of a Wimpy Kid,14
547,9780064401845,Bridge to Terabithia,Katherine Paterson,Young Adult,14.99,10,Active,https://i.gr-assets.com/images/S/compressed.photo.goodreads.com/books/1532478367l/40940121._SY475_.jpg,"Jess Aarons' greatest ambition is to be the fastest runner in his grade. He's been practicing all summer and can't wait to see his classmates' faces when he beats them all. But on the first day of school, a new girl boldly crosses over to the boys' side and outruns everyone. That's not a very promising beginning for a friendship, but Jess and Leslie Burke become inseparable. Together they create Terabithia, a magical kingdom in the woods where the two of them reign as king and queen, and their imaginations set the only limits.",,,
548,9780743477543,A Midsummer Night's Dream,William Shakespeare,Classics,8.99,20,Active,https://i.gr-assets.com/images/S/compressed.photo.goodreads.com/books/1327874534l/1622.jpg,"Shakespeare's intertwined love polygons begin to get complicated from the start - Demetrius and Lysander both want Hermia but she only has eyes for Lysander. Bad news is, Hermia's father wants Demetrius for a son-in-law. On the outside is Helena, whose unreturned love burns hot for Demetrius. Hermia and Lysander plan to flee from the city under cover of darkness but are pursued by an enraged Demetrius (who is himself pursued by an enraptured Helena). In the forest, unbeknownst to the mortals, Oberon and Titania (King and Queen of the faeries) are having a spat over a servant boy.",,,
549,9780739461198,Marley and Me: Life and Love With the World's Worst Dog,John Grogan,Memoir & Biography,10.99,24,Active,https://i.gr-assets.com/images/S/compressed.photo.goodreads.com/books/1308858322l/12691.jpg,"John and Jenny were just beginning their life together. They were young and in love, with a perfect little house and not a care in the world. Then they brought home Marley, a wiggly yellow furball of a puppy. Life would never be the same. Marley quickly grew into a barreling, ninety-seven-pound streamroller of a Labrador retriever, a dog like no other. He crashed through screen doors, gouged through drywall, flung drool on guests, stole women's undergarments, and ate nearly everything he could get his mouth around, including couches and fine jewelry. Obedience school did no good - Marley was expelled.",,,
550,9780307346605,World War Z: An Oral History of the Zombie War,Max Brooks,Horror,14.99,8,Active,https://i.gr-assets.com/images/S/compressed.photo.goodreads.com/books/1528312647l/8908._SX318_.jpg,"The Zombie War came unthinkably close to eradicating humanity. Max Brooks, driven by the urgency of preserving the acid-etched first-hand experiences of the survivors from those apocalyptic years, traveled across the United States of America and throughout the world, from decimated cities that once teemed with upwards of thirty million souls to the most remote and inhospitable areas of the planet. He recorded the testimony of men, women, and sometimes children who came face-to-face with the living, or at least the undead, hell of that dreadful time. World War Z is the result.",,World War Z,1
551,9780385721790,Atonement,Ian McEwan,Fiction,13.99,11,Active,https://i.gr-assets.com/images/S/compressed.photo.goodreads.com/books/1320449708l/6867.jpg,"On a hot summer day in 1935, thirteen-year-old Briony Tallis witnesses the flirtation between her older sister, Cecilia, and Robbie Turner, the son of a servant.",,,
552,9780060530921,The Graveyard Book,Neil Gaiman,Fantasy,16.99,24,Active,https://i.gr-assets.com/images/S/compressed.photo.goodreads.com/books/1531295292l/2213661.jpg,"Nobody Owens, known to his friends as Bod, is a perfectly normal boy. Well, he would be perfectly normal if he didn't live in a graveyard, being raised and educated by ghosts, with a solitary guardian who belongs to neither the world of the living nor the world of the dead. There are dangers and adventures for Bod in the graveyard: the strange and terrible menace of the Sleer; a gravestone entrance to a desert that leads to the city of ghouls; friendship with a witch, and so much more. But it is in the land of the living that real danger lurks, for it is there that the man Jack lives and he has already killed Bod's family.",,,
553,9780380395866,Watership Down,Richard Adams,Classics,10.99,11,Active,https://i.gr-assets.com/images/S/compressed.photo.goodreads.com/books/1405136931l/76620.jpg,"Set in England's Downs, a once idyllic rural landscape, this stirring tale of adventure, courage and survival follows a band of very special creatures on their flight from the intrusion of man and the certain destruction of their home. Led by a stouthearted pair of friends, they journey forth from their native Sandleford Warren through the harrowing trials posed by predators and adversaries, to a mysterious promised land and a more perfect society.",,Watership Down,1
554,9780380729340,Tales from Watership Down,Richard Adams,Fantasy,12.99,8,Active,https://i.gr-assets.com/images/S/compressed.photo.goodreads.com/books/1414437969l/456920.jpg,"Watership Down was one of this century's best-loved works of imaginative literature. Now Richard Adams returns, to tell us what happened to the rabbits after their defeat of General Woundwort. Tales From Watership Down begins with some of the great folk stories well known to all rabbits. Then we listen in as Dandelion, the rabbits' master storyteller, relates the thrilling adventures experienced by El-ahrairah, the mythical rabbit hero, and his stalwart, Rabscuttle, during the long journey home after their terrible encounter with the Black Rabbit of Inlé (as narrated in Watership Down).",,Watership Down,2
555,9780545123266,Shiver,Maggie Stiefvater,Young Adult,8.99,12,Active,https://i.gr-assets.com/images/S/compressed.photo.goodreads.com/books/1409283154l/6068551.jpg,"For years, Grace has watched the wolves in the woods behind her house. One yellow-eyed wolf - her wolf - is a chilling presence she can't seem to live without. Meanwhile, Sam has lived two lives: In winter, the frozen woods, the protection of the pack, and the silent company of a fearless girl. In summer, a few precious months of being human... until the cold makes him shift back again. Now, Grace meets a yellow-eyed boy whose familiarity takes her breath away. It's her wolf. It has to be. But as winter nears, Sam must fight to stay human - or risk losing himself, and Grace, forever.",,The Wolves of Mercy Falls,1
556,9780545123280,Linger,Maggie Stiefvater,Young Adult,16.99,22,Active,https://i.gr-assets.com/images/S/compressed.photo.goodreads.com/books/1292482391l/6654313.jpg,"Grace and Sam have found each other, but staying together means confronting his werewolf past and her uncertain future. A new wolf, Cole, arrives with troubles of his own. All three struggle with the competing pull of human and wolf, love and loss.",,The Wolves of Mercy Falls,2
557,9780545259095,Forever,Maggie Stiefvater,Young Adult,11.99,20,Active,https://i.gr-assets.com/images/S/compressed.photo.goodreads.com/books/1285771367l/9409458.jpg,"Sam was a wolf when he met Grace, but he found a way to become human. Now Grace is the wolf, and a final hunt threatens the wolves of Mercy Falls. Sam must fight for her as their past and future collide.",,The Wolves of Mercy Falls,3
558,9780545654579,Sinner,Maggie Stiefvater,Young Adult,12.99,11,Active,https://i.gr-assets.com/images/S/compressed.photo.goodreads.com/books/1386955513l/18406862.jpg,"Cole St. Clair comes to California to win back Isabel Culpeper, who is trying to build a life in Los Angeles. Their shared past has left both damaged, yet they have the power to save each other or pull each other apart.",,The Wolves of Mercy Falls,3.5
559,9780062268341,Yes Please,Amy Poehler,Memoir & Biography,16.99,3,Active,https://i.gr-assets.com/images/S/compressed.photo.goodreads.com/books/1402815435l/20910157.jpg,"Amy Poehler shares personal stories about love, friendship, parenthood, and everyday life. Her essays combine humor with advice on knowing when to be funny and when to be serious.",,,
560,9780312360269,Marked,"P.C. Cast, Kristin Cast",Young Adult,10.99,22,Active,https://i.gr-assets.com/images/S/compressed.photo.goodreads.com/books/1317067002l/30183.jpg,"After a vampire tracker marks her with a crescent moon on her forehead, 16-year-old Zoey Redbird enters the House of Night and learns that she is no average fledgling. She has been Marked as special by the vampyre Goddess Nyx and has affinities for all five elements: Air, Fire Water, Earth and Spirit. But she is not the only fledgling at the House of Night with special powers.",,House of Night,1
561,9780312360283,Betrayed,"P.C. Cast, Kristin Cast",Young Adult,14.99,16,Active,https://i.gr-assets.com/images/S/compressed.photo.goodreads.com/books/1406941788l/676924.jpg,"Zoey, High Priestess in training, has managed to settle in at the House of Night and come to terms with the vast powers the Vampyre Goddess Nyx has given her. Just as she finally feels she belongs, the unthinkable happens: human teenagers are being killed, and all evidence points to the House of Night. While danger stalks the humans from Zoey's old life, she begins to realize that the very powers that make her so unique might also threaten those she loves.",,House of Night,2
562,9780312360306,Chosen,"P.C. Cast, Kristin Cast",Young Adult,11.99,21,Active,https://i.gr-assets.com/images/S/compressed.photo.goodreads.com/books/1393192825l/1326258.jpg,"Dark forces are at work at the House of Night and Zoey Redbird's adventures at the school take a mysterious turn. Her best friend, Stevie Rae, is undead and struggling to maintain a grip on her humanity. Zoey finds herself in the very unexpected and rare situation of having three boyfriends. Mix a little bloodlust into the equation and the situation has the potential to spell social disaster. Just when it seems things couldn't get any tougher, vampyres start turning up dead. Really dead. It looks like the People of Faith are tired of living side-by-side with vampyres.",,House of Night,3
563,9780312379834,Untamed,"P.C. Cast, Kristin Cast",Young Adult,16.99,11,Active,https://i.gr-assets.com/images/S/compressed.photo.goodreads.com/books/1438037020l/2866718.jpg,"Zoey Redbird's adventures at vampyre finishing school take a wild and dangerous turn as loyalties are tested and shocking true intentions come to light, in this spellbinding fourth novel in the House of Night series.",,House of Night,4
564,9780312379827,Hunted,"P.C. Cast, Kristin Cast",Young Adult,16.99,5,Active,https://i.gr-assets.com/images/S/compressed.photo.goodreads.com/books/1438042897l/4134071._SY475_.jpg,"Zoey's friends are back at her side, and Stevie Rae and the Red Fledglings are no longer Neferet's secrets. But a new danger emerges in Kalona, Neferet's powerful consort. His spell holds the House of Night while few understand the threat he poses.",,House of Night,5
565,9781905654581,Tempted,"P.C. Cast, Kristin Cast",Young Adult,8.99,20,Active,https://i.gr-assets.com/images/S/compressed.photo.goodreads.com/books/1408633041l/6262365.jpg,"So... you'd think after banishing an immortal being and a fallen High Priestess, saving Stark's life, biting Heath, getting a headache from Erik, and almost dying, Zoey Redbird would catch a break. Sadly, a break is not in the House of Night school forecast for the High Priestess in training and her gang. Juggling three guys is anything but a stress reliever, especially when one of them is a sexy Warrior who is so into protecting Zoey that he can sense her emotions.",,House of Night,6
566,9781905654949,Burned,"P.C. Cast, Kristin Cast",Young Adult,12.99,23,Active,https://i.gr-assets.com/images/S/compressed.photo.goodreads.com/books/1327944437l/6917952.jpg,"Zoey Redbird's soul has shattered, and she is fading in the Otherworld. Stark has only seven days to find a way to save her, but the Vampyre High Council says he must die to reach her. Stevie Rae wants to help while facing dangerous problems among the Red Fledglings.",,House of Night,7
567,9780312650247,Awakened,"P.C. Cast, Kristin Cast",Young Adult,13.99,19,Active,https://i.gr-assets.com/images/S/compressed.photo.goodreads.com/books/1307744664l/8652190.jpg,"Exonerated by the Vampyre High Council and returned to her position of High Priestess at Tulsa's House of Night, Neferet has sworn vengeance on Zoey. Dominion over her immortal consort Kalona is only one of the weapons she plans to use against Z. But Zoey has found sanctuary on the Isle of Skye and is being groomed by Queen Sgiach to take over for her there.",,House of Night,8
568,9781905654871,Destined,"P.C. Cast, Kristin Cast",Fantasy,14.99,13,Active,https://i.gr-assets.com/images/S/compressed.photo.goodreads.com/books/1406962311l/7933617.jpg,"In Destined, the forces of Light and Dark collide as their epic struggle focuses on Tulsa's House of Night. Zoey is home where she belongs, safe with her Guardian Warrior, Stark, by her side - and preparing to face off against Neferet. Kalona has released his hold on Rephaim, and, through Nyx's gift of a human form, he and Stevie Rae are finally able to be together - if Rephaim can truly walk the path of the Goddess and stay free of his father's shadow. But is Zoey really safe? Does she truly know those who are closest to her? And will love win when it is tested by the very soul of Darkness?",,House of Night,9
569,9780312594428,Hidden,"P.C. Cast, Kristin Cast",Fantasy,8.99,22,Active,https://i.gr-assets.com/images/S/compressed.photo.goodreads.com/books/1340127630l/7933615.jpg,"At last, Zoey has what she wanted: the truth is out. Neferet's evil has been exposed, and the High Council is no longer on her side - but she's far from done wreaking havoc in the vampyre world. First, a mysterious fire ravages the stables. Then, Neferet makes a devastating move that will test them all. With the seeds of distrust sown and Darkness breeding chaos at the House of Night, everyone must band together - but that's proving to be more difficult than ever before. The twins are barely speaking and the House of Night's former enemy, Kalona, has now become their warrior, pushing their trust to the limit.",,House of Night,10
570,9780312594435,Revealed,"P.C. Cast, Kristin Cast",Young Adult,8.99,2,Active,https://i.gr-assets.com/images/S/compressed.photo.goodreads.com/books/1369156173l/16096873.jpg,"Drastically altered after her fall at the end of Hidden, Neferet is now more dangerous than ever - and her quest for vengeance will wreak havoc on humans, as well as Zoey and her friends. Chaos is loosed in Tulsa and the House of Night is blamed. Can Zoey stop Neferet in time to keep her anger from escalating to full-on war? Or will someone else have to step in to take the fall?",,House of Night,11
571,9780312594442,Redeemed,"P.C. Cast, Kristin Cast",Young Adult,14.99,21,Active,https://i.gr-assets.com/images/S/compressed.photo.goodreads.com/books/1403302625l/16136599.jpg,"In the final House of Night novel, Neferet has finally made herself known to mortals. A Dark Goddess is loose on Tulsa and the world. No single vampyre is strong enough to vanquish her - unless that creature has the power to summon the elements as well as the ability to wield Old Magick. Only Zoey Redbird is heir to such power... but because of the consequences of using Old Magick, she is unable to help.",,House of Night,12
572,9780060557812,Neverwhere,Neil Gaiman,Fantasy,13.99,16,Active,https://i.gr-assets.com/images/S/compressed.photo.goodreads.com/books/1348747943l/14497.jpg,"Under the streets of London there's a place most people could never even dream of. A city of monsters and saints, murderers and angels, knights in armour and pale girls in black velvet. This is the city of the people who have fallen between the cracks. Richard Mayhew, a young businessman, is going to find out more than enough about this other London. A single act of kindness catapults him out of his workday existence and into a world that is at once eerily familiar and utterly bizarre. And a strange destiny awaits him down here, beneath his native city: Neverwhere.",,"London Below, The World of Neverwhere",1
573,9781565638082,Holy Bible: King James Version,Anonymous,Religion & Spirituality,12.99,23,Active,https://i.gr-assets.com/images/S/compressed.photo.goodreads.com/books/1313518530l/1923820.jpg,The King James Version of the Christian Bible presents the Old and New Testaments in the influential English translation first published in the early seventeenth century.,,,
